id,word,difficulty_value,locale,created_at
1,bee,37,en,2026-01-09 17:37:12.077304+00
2,cat,52,en,2026-01-09 17:37:14.031093+00
3,dog,59,en,2026-01-09 17:37:16.297898+00
4,egg,45,en,2026-01-09 17:37:18.365615+00
5,sun,57,en,2026-01-09 17:37:20.209377+00
6,moon,46,en,2026-01-09 17:37:22.039016+00
7,book,52,en,2026-01-09 17:37:24.26729+00
8,tree,36,en,2026-01-09 17:37:26.223083+00
9,ball,52,en,2026-01-09 17:37:28.149729+00
10,door,45,en,2026-01-09 17:37:30.337819+00
11,fish,58,en,2026-01-09 17:37:32.350056+00
12,milk,65,en,2026-01-09 17:37:34.36192+00
13,rain,53,en,2026-01-09 17:37:36.478037+00
14,star,51,en,2026-01-09 17:37:38.304326+00
15,boat,54,en,2026-01-09 17:37:40.438258+00
16,snow,57,en,2026-01-09 17:37:42.536631+00
17,frog,62,en,2026-01-09 17:37:44.315351+00
18,duck,68,en,2026-01-09 17:37:46.449714+00
19,bear,55,en,2026-01-09 17:37:48.29495+00
20,lion,55,en,2026-01-09 17:37:50.215286+00
21,bird,61,en,2026-01-09 17:37:52.187995+00
22,shoe,51,en,2026-01-09 17:37:54.229352+00
23,hand,55,en,2026-01-09 17:37:56.072459+00
24,foot,44,en,2026-01-09 17:37:58.004713+00
25,nose,50,en,2026-01-09 17:38:00.182175+00
26,cake,58,en,2026-01-09 17:38:02.18646+00
27,bread,58,en,2026-01-09 17:38:04.195227+00
28,chair,58,en,2026-01-09 17:38:06.157897+00
29,table,56,en,2026-01-09 17:38:07.914618+00
30,house,56,en,2026-01-09 17:38:10.086553+00
31,clock,59,en,2026-01-09 17:38:11.820007+00
32,cup,66,en,2026-01-09 17:38:13.66195+00
33,mug,67,en,2026-01-09 17:38:15.567395+00
34,glass,52,en,2026-01-09 17:38:17.571968+00
35,plate,56,en,2026-01-09 17:38:20.523799+00
36,bowl,64,en,2026-01-09 17:38:23.191998+00
37,spoon,50,en,2026-01-09 17:38:25.233681+00
38,fork,63,en,2026-01-09 17:38:27.303067+00
39,knife,60,en,2026-01-09 17:38:29.459741+00
40,pan,55,en,2026-01-09 17:38:31.66839+00
41,pot,53,en,2026-01-09 17:38:33.795987+00
42,oven,55,en,2026-01-09 17:38:35.923593+00
43,stove,55,en,2026-01-09 17:38:37.799731+00
44,grill,55,en,2026-01-09 17:38:40.083483+00
45,lamp,63,en,2026-01-09 17:38:42.485388+00
46,fan,55,en,2026-01-09 17:38:44.450867+00
47,desk,58,en,2026-01-09 17:38:46.436989+00
48,bed,57,en,2026-01-09 17:38:48.433881+00
49,sofa,56,en,2026-01-09 17:38:50.343766+00
50,couch,56,en,2026-01-09 17:38:52.557651+00
51,pillow,59,en,2026-01-09 17:38:54.880753+00
52,sheet,42,en,2026-01-09 17:38:57.557622+00
53,towel,56,en,2026-01-09 17:38:59.978473+00
54,soap,56,en,2026-01-09 17:39:02.435801+00
55,brush,63,en,2026-01-09 17:39:04.276229+00
56,comb,65,en,2026-01-09 17:39:06.173963+00
57,hat,48,en,2026-01-09 17:39:08.095744+00
58,cap,60,en,2026-01-09 17:39:10.252467+00
59,coat,53,en,2026-01-09 17:39:12.670153+00
60,vest,54,en,2026-01-09 17:39:14.509406+00
61,sock,62,en,2026-01-09 17:39:16.384842+00
62,belt,56,en,2026-01-09 17:39:18.90271+00
63,tie,45,en,2026-01-09 17:39:21.444783+00
64,scarf,61,en,2026-01-09 17:39:23.39569+00
65,glove,62,en,2026-01-09 17:39:25.444563+00
66,boot,45,en,2026-01-09 17:39:27.637709+00
67,bag,61,en,2026-01-09 17:39:29.50368+00
68,pen,53,en,2026-01-09 17:39:31.732867+00
69,paper,52,en,2026-01-09 17:39:33.749535+00
70,tape,52,en,2026-01-09 17:39:35.699328+00
71,glue,61,en,2026-01-09 17:39:37.792245+00
72,rope,55,en,2026-01-09 17:39:39.7107+00
73,wire,55,en,2026-01-09 17:39:41.654567+00
74,nail,54,en,2026-01-09 17:39:43.478739+00
75,screw,60,en,2026-01-09 17:39:45.326909+00
76,bolt,58,en,2026-01-09 17:39:47.393439+00
77,saw,55,en,2026-01-09 17:39:49.709401+00
78,axe,54,en,2026-01-09 17:39:51.697624+00
79,rake,55,en,2026-01-09 17:39:54.051332+00
80,hose,51,en,2026-01-09 17:39:56.051437+00
81,lock,64,en,2026-01-09 17:39:58.187861+00
82,key,60,en,2026-01-09 17:40:00.277163+00
83,coin,56,en,2026-01-09 17:40:02.37404+00
84,bill,53,en,2026-01-09 17:40:04.237827+00
85,card,58,en,2026-01-09 17:40:06.242323+00
86,stamp,60,en,2026-01-09 17:40:08.231568+00
87,can,54,en,2026-01-09 17:40:10.41494+00
88,jar,58,en,2026-01-09 17:40:12.353517+00
89,bottle,51,en,2026-01-09 17:40:14.456449+00
90,bucket,66,en,2026-01-09 17:40:16.384649+00
91,basket,60,en,2026-01-09 17:40:18.604107+00
92,tray,55,en,2026-01-09 17:40:20.54308+00
94,vase,55,en,2026-01-09 17:40:24.785003+00
95,frame,59,en,2026-01-09 17:40:26.932184+00
96,mirror,48,en,2026-01-09 17:40:28.856464+00
97,rug,62,en,2026-01-09 17:40:31.031498+00
98,mat,52,en,2026-01-09 17:40:33.026736+00
99,tile,51,en,2026-01-09 17:40:35.186939+00
100,brick,66,en,2026-01-09 17:40:37.654596+00
101,stone,51,en,2026-01-09 17:40:39.614436+00
102,sand,55,en,2026-01-09 17:40:41.786524+00
103,clay,62,en,2026-01-09 17:40:43.53522+00
104,soil,55,en,2026-01-09 17:40:45.347704+00
105,seed,40,en,2026-01-09 17:40:47.143062+00
106,leaf,56,en,2026-01-09 17:40:49.06905+00
107,root,41,en,2026-01-09 17:40:50.998466+00
108,stem,53,en,2026-01-09 17:40:53.291145+00
109,bud,65,en,2026-01-09 17:40:55.365134+00
110,thorn,54,en,2026-01-09 17:40:57.514864+00
111,bark,63,en,2026-01-09 17:40:59.300308+00
112,pine,55,en,2026-01-09 17:41:01.266916+00
113,oak,56,en,2026-01-09 17:41:03.332216+00
114,palm,63,en,2026-01-09 17:41:05.295954+00
115,rose,51,en,2026-01-09 17:41:07.372789+00
116,tulip,62,en,2026-01-09 17:41:09.354567+00
117,daisy,60,en,2026-01-09 17:41:11.285137+00
118,lily,52,en,2026-01-09 17:41:13.219791+00
119,ivy,63,en,2026-01-09 17:41:15.184465+00
120,fern,55,en,2026-01-09 17:41:17.251107+00
121,moss,47,en,2026-01-09 17:41:19.048783+00
122,weed,44,en,2026-01-09 17:41:20.823615+00
123,herb,56,en,2026-01-09 17:41:22.594301+00
124,mint,55,en,2026-01-09 17:41:24.4116+00
125,basil,60,en,2026-01-09 17:41:26.283899+00
126,sage,54,en,2026-01-09 17:41:28.498596+00
127,dill,50,en,2026-01-09 17:41:30.507906+00
128,bay,61,en,2026-01-09 17:41:32.41172+00
129,rice,55,en,2026-01-09 17:41:34.33112+00
130,wheat,54,en,2026-01-09 17:41:36.253102+00
131,corn,57,en,2026-01-09 17:41:38.08663+00
132,oat,46,en,2026-01-09 17:41:39.904757+00
133,bean,54,en,2026-01-09 17:41:41.968931+00
134,pea,52,en,2026-01-09 17:41:43.986685+00
135,lemon,58,en,2026-01-09 17:41:45.843189+00
136,lime,57,en,2026-01-09 17:41:47.694958+00
137,plum,67,en,2026-01-09 17:41:49.860702+00
138,pear,54,en,2026-01-09 17:41:51.733437+00
139,kiwi,52,en,2026-01-09 17:41:53.633362+00
140,melon,58,en,2026-01-09 17:41:55.653095+00
141,berry,53,en,2026-01-09 17:41:57.674898+00
142,fig,62,en,2026-01-09 17:41:59.786469+00
143,date,49,en,2026-01-09 17:42:02.247927+00
144,nut,53,en,2026-01-09 17:42:04.452512+00
145,meat,51,en,2026-01-09 17:42:06.998847+00
146,beef,46,en,2026-01-09 17:42:08.92147+00
147,pork,63,en,2026-01-09 17:42:11.08319+00
148,lamb,63,en,2026-01-09 17:42:13.171208+00
149,ham,56,en,2026-01-09 17:42:15.295168+00
150,bacon,60,en,2026-01-09 17:42:17.139385+00
152,tuna,54,en,2026-01-09 17:42:21.49462+00
153,cod,58,en,2026-01-09 17:42:23.41648+00
154,trout,47,en,2026-01-09 17:42:25.371179+00
155,crab,61,en,2026-01-09 17:42:27.331939+00
156,clam,62,en,2026-01-09 17:42:29.445041+00
157,oyster,57,en,2026-01-09 17:42:31.45082+00
158,shrimp,64,en,2026-01-09 17:42:33.6073+00
159,squid,65,en,2026-01-09 17:42:35.556079+00
160,eel,34,en,2026-01-09 17:42:37.415665+00
161,seal,52,en,2026-01-09 17:42:39.404261+00
162,otter,42,en,2026-01-09 17:42:41.374564+00
163,beaver,53,en,2026-01-09 17:42:43.538791+00
164,moose,48,en,2026-01-09 17:42:45.576288+00
165,deer,41,en,2026-01-09 17:42:47.455541+00
166,elk,58,en,2026-01-09 17:42:49.635391+00
167,goat,54,en,2026-01-09 17:42:51.829622+00
168,sheep,47,en,2026-01-09 17:42:55.129796+00
169,pig,62,en,2026-01-09 17:42:57.216935+00
170,horse,54,en,2026-01-09 17:42:59.196677+00
171,donkey,63,en,2026-01-09 17:43:01.085807+00
172,mule,60,en,2026-01-09 17:43:03.242437+00
173,camel,60,en,2026-01-09 17:43:05.753602+00
174,llama,44,en,2026-01-09 17:43:07.631181+00
175,fox,63,en,2026-01-09 17:43:09.628877+00
176,wolf,63,en,2026-01-09 17:43:11.435846+00
177,coyote,52,en,2026-01-09 17:43:13.730393+00
178,bat,53,en,2026-01-09 17:43:15.658251+00
179,rat,48,en,2026-01-09 17:43:18.077535+00
180,mouse,59,en,2026-01-09 17:43:20.310051+00
181,rabbit,55,en,2026-01-09 17:43:22.233776+00
182,snake,57,en,2026-01-09 17:43:24.236187+00
183,lizard,64,en,2026-01-09 17:43:26.179398+00
184,turtle,51,en,2026-01-09 17:43:28.206404+00
185,newt,52,en,2026-01-09 17:43:30.324822+00
186,tick,60,en,2026-01-09 17:43:32.993791+00
187,mite,52,en,2026-01-09 17:43:35.1053+00
188,worm,61,en,2026-01-09 17:43:37.337157+00
189,snail,57,en,2026-01-09 17:43:39.104608+00
190,slug,64,en,2026-01-09 17:43:40.968934+00
191,leech,48,en,2026-01-09 17:43:42.963748+00
192,piano,57,en,2026-01-09 17:43:44.817137+00
193,guitar,61,en,2026-01-09 17:43:46.573993+00
194,violin,55,en,2026-01-09 17:43:48.562973+00
195,drums,64,en,2026-01-09 17:43:50.581917+00
196,flute,59,en,2026-01-09 17:43:52.452757+00
197,trumpet,57,en,2026-01-09 17:43:54.530777+00
198,cello,51,en,2026-01-09 17:43:56.53178+00
199,harp,58,en,2026-01-09 17:43:58.607909+00
200,elephant,56,en,2026-01-09 17:44:00.841353+00
201,giraffe,59,en,2026-01-09 17:44:03.375585+00
202,penguin,59,en,2026-01-09 17:44:06.332896+00
203,dolphin,65,en,2026-01-09 17:44:08.560047+00
204,kangaroo,55,en,2026-01-09 17:44:10.767484+00
205,cheetah,46,en,2026-01-09 17:44:12.529781+00
206,octopus,59,en,2026-01-09 17:44:14.618459+00
207,butterfly,65,en,2026-01-09 17:44:16.327761+00
208,eagle,47,en,2026-01-09 17:44:18.177452+00
209,tiger,55,en,2026-01-09 17:44:19.929709+00
210,zebra,61,en,2026-01-09 17:44:21.802574+00
211,peacock,61,en,2026-01-09 17:44:24.2143+00
212,koala,51,en,2026-01-09 17:44:26.317668+00
213,panda,51,en,2026-01-09 17:44:28.588478+00
214,whale,58,en,2026-01-09 17:44:30.874445+00
215,apple,53,en,2026-01-09 17:44:33.280503+00
216,banana,38,en,2026-01-09 17:44:35.204864+00
217,orange,58,en,2026-01-09 17:44:37.6797+00
218,mango,60,en,2026-01-09 17:44:40.028013+00
219,grape,59,en,2026-01-09 17:44:42.424485+00
220,cherry,55,en,2026-01-09 17:44:44.39909+00
221,peach,59,en,2026-01-09 17:44:46.875664+00
222,carrot,51,en,2026-01-09 17:44:48.822271+00
223,broccoli,58,en,2026-01-09 17:44:50.959156+00
224,potato,43,en,2026-01-09 17:44:52.853998+00
225,tomato,42,en,2026-01-09 17:44:54.689347+00
226,lettuce,48,en,2026-01-09 17:44:56.745998+00
227,cucumber,62,en,2026-01-09 17:44:58.705596+00
228,pepper,43,en,2026-01-09 17:45:00.858459+00
229,onion,38,en,2026-01-09 17:45:02.843011+00
230,spinach,64,en,2026-01-09 17:45:05.107836+00
231,doctor,53,en,2026-01-09 17:45:07.136211+00
232,teacher,52,en,2026-01-09 17:45:08.919133+00
233,engineer,45,en,2026-01-09 17:45:10.732134+00
234,chef,59,en,2026-01-09 17:45:12.545602+00
235,pilot,59,en,2026-01-09 17:45:14.48094+00
236,artist,48,en,2026-01-09 17:45:16.492395+00
237,nurse,57,en,2026-01-09 17:45:18.264523+00
238,police,62,en,2026-01-09 17:45:20.592442+00
239,farmer,54,en,2026-01-09 17:45:22.32093+00
240,lawyer,62,en,2026-01-09 17:45:24.051651+00
241,dentist,51,en,2026-01-09 17:45:25.748193+00
242,writer,51,en,2026-01-09 17:45:27.58849+00
243,singer,59,en,2026-01-09 17:45:29.468901+00
244,dancer,59,en,2026-01-09 17:45:31.318125+00
245,musician,62,en,2026-01-09 17:45:33.290669+00
246,baker,61,en,2026-01-09 17:45:35.072726+00
247,mechanic,60,en,2026-01-09 17:45:36.806951+00
248,plumber,69,en,2026-01-09 17:45:38.72071+00
249,painter,59,en,2026-01-09 17:45:40.461344+00
250,gardener,52,en,2026-01-09 17:45:42.23799+00
251,scientist,49,en,2026-01-09 17:45:44.086194+00
252,librarian,53,en,2026-01-09 17:45:46.064241+00
253,carpenter,55,en,2026-01-09 17:45:48.091643+00
254,architect,55,en,2026-01-09 17:45:50.019265+00
255,journalist,69,en,2026-01-09 17:45:51.899005+00
256,accountant,51,en,2026-01-09 17:45:53.799233+00
257,secretary,55,en,2026-01-09 17:45:55.872589+00
258,manager,56,en,2026-01-09 17:45:57.629395+00
259,salesperson,57,en,2026-01-09 17:45:59.457634+00
260,cashier,60,en,2026-01-09 17:46:01.245727+00
261,waiter,56,en,2026-01-09 17:46:03.281995+00
262,bartender,55,en,2026-01-09 17:46:05.425698+00
263,barber,49,en,2026-01-09 17:46:07.859163+00
264,tailor,57,en,2026-01-09 17:46:09.830971+00
265,soldier,61,en,2026-01-09 17:46:11.74122+00
266,firefighter,56,en,2026-01-09 17:46:13.757111+00
267,paramedic,63,en,2026-01-09 17:46:15.586384+00
268,programmer,59,en,2026-01-09 17:46:17.521716+00
269,translator,53,en,2026-01-09 17:46:19.664161+00
270,pharmacist,65,en,2026-01-09 17:46:21.452163+00
271,athlete,44,en,2026-01-09 17:46:23.273134+00
272,coach,52,en,2026-01-09 17:46:25.802494+00
273,referee,33,en,2026-01-09 17:46:27.638336+00
274,captain,56,en,2026-01-09 17:46:29.361128+00
275,detective,50,en,2026-01-09 17:46:31.161974+00
276,guard,63,en,2026-01-09 17:46:32.960324+00
277,judge,66,en,2026-01-09 17:46:34.69176+00
278,mayor,61,en,2026-01-09 17:46:36.439609+00
279,minister,57,en,2026-01-09 17:46:38.332758+00
280,professor,53,en,2026-01-09 17:46:40.076101+00
281,counselor,62,en,2026-01-09 17:46:42.041822+00
282,director,57,en,2026-01-09 17:46:44.1085+00
283,producer,62,en,2026-01-09 17:46:45.844609+00
284,editor,56,en,2026-01-09 17:46:47.863691+00
285,designer,58,en,2026-01-09 17:46:49.706009+00
286,instructor,59,en,2026-01-09 17:46:51.652663+00
287,consultant,59,en,2026-01-09 17:46:53.501125+00
288,researcher,49,en,2026-01-09 17:46:55.680192+00
289,analyst,55,en,2026-01-09 17:46:57.427659+00
290,technician,54,en,2026-01-09 17:46:59.702403+00
291,inspector,65,en,2026-01-09 17:47:01.985161+00
292,operator,51,en,2026-01-09 17:47:04.247329+00
293,assistant,44,en,2026-01-09 17:47:06.046963+00
294,specialist,60,en,2026-01-09 17:47:07.893057+00
295,supervisor,62,en,2026-01-09 17:47:09.830336+00
296,executive,58,en,2026-01-09 17:47:11.727148+00
297,mountain,58,en,2026-01-09 17:47:13.906398+00
298,ocean,55,en,2026-01-09 17:47:15.668316+00
299,river,50,en,2026-01-09 17:47:17.450915+00
300,forest,57,en,2026-01-09 17:47:19.460726+00
301,desert,48,en,2026-01-09 17:47:21.235429+00
302,island,60,en,2026-01-09 17:47:23.127339+00
303,beach,59,en,2026-01-09 17:47:24.904389+00
304,lake,57,en,2026-01-09 17:47:26.900636+00
305,valley,58,en,2026-01-09 17:47:28.86112+00
306,hill,49,en,2026-01-09 17:47:30.673891+00
307,cave,58,en,2026-01-09 17:47:32.811452+00
308,volcano,59,en,2026-01-09 17:47:35.058769+00
309,glacier,63,en,2026-01-09 17:47:37.384129+00
310,canyon,55,en,2026-01-09 17:47:39.273295+00
311,plain,60,en,2026-01-09 17:47:41.088235+00
312,meadow,61,en,2026-01-09 17:47:42.814515+00
313,swamp,64,en,2026-01-09 17:47:44.608464+00
314,jungle,66,en,2026-01-09 17:47:46.453631+00
315,tundra,60,en,2026-01-09 17:47:48.223341+00
316,prairie,49,en,2026-01-09 17:47:50.408555+00
317,cliff,58,en,2026-01-09 17:47:52.99833+00
318,reef,42,en,2026-01-09 17:47:54.840555+00
319,spring,64,en,2026-01-09 17:47:56.756217+00
320,marsh,59,en,2026-01-09 17:47:58.854273+00
321,football,56,en,2026-01-09 17:48:00.855169+00
322,basketball,59,en,2026-01-09 17:48:03.160307+00
323,baseball,51,en,2026-01-09 17:48:05.251617+00
324,soccer,54,en,2026-01-09 17:48:07.283724+00
325,tennis,48,en,2026-01-09 17:48:09.456531+00
326,volleyball,61,en,2026-01-09 17:48:11.238814+00
327,hockey,64,en,2026-01-09 17:48:13.247172+00
328,golf,63,en,2026-01-09 17:48:15.284667+00
329,swimming,60,en,2026-01-09 17:48:17.250387+00
330,boxing,67,en,2026-01-09 17:48:19.211197+00
331,wrestling,67,en,2026-01-09 17:48:21.048878+00
332,running,53,en,2026-01-09 17:48:23.249516+00
333,cycling,64,en,2026-01-09 17:48:25.100458+00
334,skiing,57,en,2026-01-09 17:48:27.175636+00
335,skating,63,en,2026-01-09 17:48:29.242221+00
336,surfing,67,en,2026-01-09 17:48:31.242527+00
337,climbing,66,en,2026-01-09 17:48:33.30056+00
338,archery,57,en,2026-01-09 17:48:35.20678+00
339,bowling,68,en,2026-01-09 17:48:37.14267+00
340,fishing,59,en,2026-01-09 17:48:38.87635+00
341,hunting,57,en,2026-01-09 17:48:40.735932+00
342,sailing,57,en,2026-01-09 17:48:42.750518+00
343,diving,58,en,2026-01-09 17:48:44.663127+00
344,jogging,58,en,2026-01-09 17:48:46.55873+00
345,hiking,57,en,2026-01-09 17:48:48.698167+00
346,camping,68,en,2026-01-09 17:48:51.350506+00
347,kayaking,60,en,2026-01-09 17:48:53.261274+00
348,yoga,60,en,2026-01-09 17:48:55.444438+00
349,aerobics,64,en,2026-01-09 17:48:57.399166+00
350,martial,55,en,2026-01-09 17:48:59.348232+00
351,dancing,59,en,2026-01-09 17:49:01.391969+00
352,racing,62,en,2026-01-09 17:49:03.458298+00
353,jumping,72,en,2026-01-09 17:49:05.352456+00
354,throwing,65,en,2026-01-09 17:49:07.239904+00
355,computer,67,en,2026-01-09 17:49:09.270952+00
356,telephone,53,en,2026-01-09 17:49:11.3188+00
357,television,58,en,2026-01-09 17:49:13.365403+00
358,camera,53,en,2026-01-09 17:49:15.340388+00
359,microwave,69,en,2026-01-09 17:49:17.414732+00
360,vacuum,63,en,2026-01-09 17:49:19.563342+00
361,toaster,50,en,2026-01-09 17:49:21.359037+00
362,blender,56,en,2026-01-09 17:49:23.331585+00
363,iron,53,en,2026-01-09 17:49:25.212591+00
364,heater,46,en,2026-01-09 17:49:27.216101+00
365,speaker,56,en,2026-01-09 17:49:29.2607+00
366,printer,54,en,2026-01-09 17:49:31.135541+00
367,scanner,54,en,2026-01-09 17:49:32.937987+00
368,router,50,en,2026-01-09 17:49:35.255245+00
369,tablet,50,en,2026-01-09 17:49:37.098818+00
370,watch,59,en,2026-01-09 17:49:38.903871+00
371,compass,60,en,2026-01-09 17:49:41.011306+00
372,microscope,63,en,2026-01-09 17:49:42.838355+00
373,telescope,55,en,2026-01-09 17:49:44.872466+00
374,flashlight,62,en,2026-01-09 17:49:46.919203+00
375,battery,55,en,2026-01-09 17:49:48.95454+00
376,charger,57,en,2026-01-09 17:49:50.841076+00
377,remote,48,en,2026-01-09 17:49:52.820557+00
378,keyboard,68,en,2026-01-09 17:49:54.631827+00
380,monitor,55,en,2026-01-09 17:49:58.81147+00
381,projector,59,en,2026-01-09 17:50:00.726387+00
382,microphone,65,en,2026-01-09 17:50:02.409513+00
383,airplane,58,en,2026-01-09 17:50:04.371635+00
384,train,53,en,2026-01-09 17:50:06.261689+00
385,subway,68,en,2026-01-09 17:50:08.114933+00
386,bicycle,63,en,2026-01-09 17:50:09.903063+00
387,scooter,53,en,2026-01-09 17:50:11.76574+00
388,ship,58,en,2026-01-09 17:50:13.614528+00
389,submarine,68,en,2026-01-09 17:50:15.425539+00
390,yacht,59,en,2026-01-09 17:50:17.323628+00
391,canoe,55,en,2026-01-09 17:50:19.116182+00
392,ferry,53,en,2026-01-09 17:50:20.875831+00
393,taxi,56,en,2026-01-09 17:50:22.771028+00
394,truck,64,en,2026-01-09 17:50:25.178518+00
395,tractor,48,en,2026-01-09 17:50:27.373371+00
396,crane,56,en,2026-01-09 17:50:29.340234+00
397,forklift,63,en,2026-01-09 17:50:31.358294+00
398,tanker,57,en,2026-01-09 17:50:33.184982+00
399,trailer,52,en,2026-01-09 17:50:34.868298+00
400,caravan,51,en,2026-01-09 17:50:37.285377+00
401,buggy,64,en,2026-01-09 17:50:39.569863+00
402,cart,54,en,2026-01-09 17:50:41.778741+00
403,wagon,60,en,2026-01-09 17:50:44.059808+00
404,sleigh,61,en,2026-01-09 17:50:46.074216+00
405,rocket,60,en,2026-01-09 17:50:48.10696+00
406,satellite,48,en,2026-01-09 17:50:50.121988+00
407,shuttle,54,en,2026-01-09 17:50:51.988236+00
408,eraser,41,en,2026-01-09 17:50:53.980185+00
409,pencil,62,en,2026-01-09 17:50:56.138353+00
410,crayon,62,en,2026-01-09 17:50:58.298252+00
411,marker,55,en,2026-01-09 17:51:00.301391+00
412,palette,46,en,2026-01-09 17:51:02.632431+00
413,canvas,55,en,2026-01-09 17:51:04.427976+00
414,easel,44,en,2026-01-09 17:51:06.41517+00
415,pottery,55,en,2026-01-09 17:51:08.245803+00
416,jewelry,60,en,2026-01-09 17:51:10.010297+00
417,necklace,56,en,2026-01-09 17:51:12.110117+00
418,bracelet,58,en,2026-01-09 17:51:14.478615+00
419,earring,55,en,2026-01-09 17:51:16.896899+00
420,ring,58,en,2026-01-09 17:51:19.137533+00
421,brooch,56,en,2026-01-09 17:51:21.502916+00
422,pendant,54,en,2026-01-09 17:51:23.635837+00
423,crown,61,en,2026-01-09 17:51:25.990143+00
424,tiara,44,en,2026-01-09 17:51:27.998211+00
425,medal,59,en,2026-01-09 17:51:30.041161+00
426,trophy,62,en,2026-01-09 17:51:32.026052+00
427,diploma,66,en,2026-01-09 17:51:34.435921+00
428,license,54,en,2026-01-09 17:51:36.625722+00
429,passport,55,en,2026-01-09 17:51:38.489134+00
430,ticket,52,en,2026-01-09 17:51:40.628258+00
431,receipt,54,en,2026-01-09 17:51:42.520846+00
432,invoice,57,en,2026-01-09 17:51:44.412642+00
433,contract,53,en,2026-01-09 17:51:46.295545+00
434,letter,40,en,2026-01-09 17:51:48.259159+00
435,postcard,65,en,2026-01-09 17:51:50.318334+00
436,envelope,53,en,2026-01-09 17:51:52.231275+00
437,package,61,en,2026-01-09 17:51:54.115796+00
438,suitcase,57,en,2026-01-09 17:51:56.129736+00
439,backpack,59,en,2026-01-09 17:51:58.107182+00
440,purse,60,en,2026-01-09 17:51:59.898187+00
441,wallet,53,en,2026-01-09 17:52:01.977463+00
442,briefcase,62,en,2026-01-09 17:52:03.84033+00
443,luggage,56,en,2026-01-09 17:52:05.798589+00
444,barrel,54,en,2026-01-09 17:52:07.92041+00
445,kettle,43,en,2026-01-09 17:52:10.047482+00
446,spatula,57,en,2026-01-09 17:52:12.177764+00
447,ladle,50,en,2026-01-09 17:52:14.225615+00
448,whisk,63,en,2026-01-09 17:52:16.144997+00
449,grater,50,en,2026-01-09 17:52:17.914634+00
450,peeler,43,en,2026-01-09 17:52:19.959948+00
451,strainer,54,en,2026-01-09 17:52:22.355731+00
452,colander,64,en,2026-01-09 17:52:24.373813+00
453,cutting,58,en,2026-01-09 17:52:26.439905+00
454,rolling,59,en,2026-01-09 17:52:28.668467+00
455,timer,55,en,2026-01-09 17:52:30.667345+00
456,apron,58,en,2026-01-09 17:52:32.624028+00
457,napkin,56,en,2026-01-09 17:52:34.682513+00
458,placemat,60,en,2026-01-09 17:52:36.734004+00
459,saxophone,62,en,2026-01-09 17:52:38.784449+00
460,accordion,58,en,2026-01-09 17:52:41.047109+00
461,strawberry,61,en,2026-01-09 17:52:43.191476+00
462,watermelon,62,en,2026-01-09 17:52:45.212457+00
463,pineapple,54,en,2026-01-09 17:52:47.572908+00
464,chopsticks,64,en,2026-01-09 17:52:49.657378+00
465,refrigerator,57,en,2026-01-09 17:52:51.804648+00
466,washing,64,en,2026-01-09 17:52:54.917627+00
467,dryer,51,en,2026-01-09 17:52:58.462094+00
468,paintbrush,70,en,2026-01-09 17:53:00.545354+00
469,sculpture,65,en,2026-01-09 17:53:02.941038+00
470,certificate,54,en,2026-01-09 17:53:05.021038+00
471,binoculars,71,en,2026-01-09 17:53:07.120995+00
472,calculator,58,en,2026-01-09 17:53:09.201948+00
473,thermometer,48,en,2026-01-09 17:53:11.285531+00
474,barometer,55,en,2026-01-09 17:53:13.244608+00
475,protractor,51,en,2026-01-09 17:53:15.11997+00
476,stethoscope,53,en,2026-01-09 17:53:17.039582+00
477,spaceship,59,en,2026-01-09 17:53:18.864261+00
478,astronaut,54,en,2026-01-09 17:53:20.852219+00
479,helicopter,63,en,2026-01-09 17:53:22.618954+00
480,motorcycle,63,en,2026-01-09 17:53:24.633282+00
481,skateboard,64,en,2026-01-09 17:53:26.624041+00
482,ambulance,65,en,2026-01-09 17:53:28.651138+00
483,firetruck,65,en,2026-01-09 17:53:30.564917+00
484,limousine,62,en,2026-01-09 17:53:32.862839+00
485,bulldozer,67,en,2026-01-09 17:53:34.686005+00
486,excavator,62,en,2026-01-09 17:53:37.105973+00
487,snowplow,58,en,2026-01-09 17:53:39.481307+00
488,garbage,53,en,2026-01-09 17:53:41.52199+00
489,mixer,61,en,2026-01-09 17:53:43.591212+00
490,electrician,57,en,2026-01-09 17:53:45.814111+00
491,veterinarian,52,en,2026-01-09 17:53:47.887402+00
492,psychologist,69,en,2026-01-09 17:53:49.935364+00
493,photographer,59,en,2026-01-09 17:53:52.734783+00
494,entrepreneur,49,en,2026-01-09 17:53:54.48252+00
495,coordinator,58,en,2026-01-09 17:53:56.375022+00
496,waterfall,58,en,2026-01-09 17:53:58.178914+00
497,gymnastics,67,en,2026-01-09 17:54:00.149456+00
498,headphones,58,en,2026-01-09 17:54:02.355911+00
499,tablecloth,60,en,2026-01-09 17:54:04.222271+00
500,measuring,68,en,2026-01-09 17:54:06.47751+00
501,sol,49,es,2026-01-09 17:54:08.493658+00
502,mar,51,es,2026-01-09 17:54:10.391113+00
503,pan,52,es,2026-01-09 17:54:12.181144+00
504,ojo,41,es,2026-01-09 17:54:13.841072+00
505,pie,53,es,2026-01-09 17:54:15.637726+00
506,luz,63,es,2026-01-09 17:54:17.796218+00
507,sal,49,es,2026-01-09 17:54:19.630097+00
508,rio,49,es,2026-01-09 17:54:21.510505+00
509,oro,33,es,2026-01-09 17:54:23.617673+00
510,rey,54,es,2026-01-09 17:54:25.46063+00
511,voz,63,es,2026-01-09 17:54:27.348543+00
512,pez,59,es,2026-01-09 17:54:29.388794+00
513,red,48,es,2026-01-09 17:54:31.215891+00
515,ave,51,es,2026-01-09 17:54:35.07603+00
516,mes,50,es,2026-01-09 17:54:36.962445+00
517,ley,56,es,2026-01-09 17:54:38.728439+00
518,col,53,es,2026-01-09 17:54:40.514571+00
519,tos,50,es,2026-01-09 17:54:42.344075+00
520,gas,53,es,2026-01-09 17:54:44.180208+00
521,cal,52,es,2026-01-09 17:54:46.19715+00
522,fin,59,es,2026-01-09 17:54:48.074305+00
523,vez,62,es,2026-01-09 17:54:49.948296+00
524,sur,52,es,2026-01-09 17:54:51.781107+00
525,don,50,es,2026-01-09 17:54:53.539281+00
526,bar,54,es,2026-01-09 17:54:55.397009+00
527,bus,59,es,2026-01-09 17:54:57.28848+00
528,gel,56,es,2026-01-09 17:54:59.238243+00
529,rol,50,es,2026-01-09 17:55:00.964946+00
530,zen,54,es,2026-01-09 17:55:02.900892+00
531,van,55,es,2026-01-09 17:55:04.639368+00
532,rap,52,es,2026-01-09 17:55:06.422589+00
533,gol,58,es,2026-01-09 17:55:08.153135+00
534,dúo,52,es,2026-01-09 17:55:09.968295+00
535,son,47,es,2026-01-09 17:55:11.710676+00
537,fee,38,es,2026-01-09 17:55:15.238231+00
538,doy,57,es,2026-01-09 17:55:17.710311+00
539,fue,57,es,2026-01-09 17:55:19.662874+00
540,uso,50,es,2026-01-09 17:55:21.439409+00
541,dio,51,es,2026-01-09 17:55:23.480653+00
542,iba,55,es,2026-01-09 17:55:25.373236+00
543,así,49,es,2026-01-09 17:55:27.081547+00
544,año,53,es,2026-01-09 17:55:28.886367+00
545,día,51,es,2026-01-09 17:55:31.033012+00
546,más,56,es,2026-01-09 17:55:33.646568+00
547,hay,62,es,2026-01-09 17:55:35.337879+00
548,dos,49,es,2026-01-09 17:55:37.10515+00
549,hoy,63,es,2026-01-09 17:55:39.128274+00
550,mil,58,es,2026-01-09 17:55:41.00944+00
551,tú,58,es,2026-01-09 17:55:43.164124+00
552,él,57,es,2026-01-09 17:55:44.965196+00
553,yo,58,es,2026-01-09 17:55:46.735875+00
554,no,47,es,2026-01-09 17:55:48.638576+00
555,sí,52,es,2026-01-09 17:55:50.529964+00
556,ya,57,es,2026-01-09 17:55:52.420459+00
557,té,58,es,2026-01-09 17:55:54.564458+00
558,fe,56,es,2026-01-09 17:55:56.414798+00
559,sed,47,es,2026-01-09 17:55:58.435445+00
560,ama,36,es,2026-01-09 17:56:00.651375+00
561,ada,33,es,2026-01-09 17:56:02.561316+00
562,aro,45,es,2026-01-09 17:56:05.210522+00
563,ese,29,es,2026-01-09 17:56:07.298171+00
564,tan,50,es,2026-01-09 17:56:09.646456+00
566,por,53,es,2026-01-09 17:56:14.170073+00
567,con,51,es,2026-01-09 17:56:16.013236+00
568,sin,50,es,2026-01-09 17:56:18.393219+00
569,mío,55,es,2026-01-09 17:56:20.352807+00
570,tía,53,es,2026-01-09 17:56:22.364265+00
571,tío,54,es,2026-01-09 17:56:24.707681+00
573,vio,56,es,2026-01-09 17:56:29.920675+00
574,dan,49,es,2026-01-09 17:56:32.162295+00
577,fui,62,es,2026-01-09 17:56:41.092471+00
578,era,44,es,2026-01-09 17:56:43.596441+00
580,ala,33,es,2026-01-09 17:56:48.154931+00
581,asa,30,es,2026-01-09 17:56:49.99475+00
582,ajo,53,es,2026-01-09 17:56:51.83493+00
583,vía,57,es,2026-01-09 17:56:53.982729+00
584,vid,60,es,2026-01-09 17:56:55.866621+00
586,tez,57,es,2026-01-09 17:56:59.942388+00
587,dar,48,es,2026-01-09 17:57:01.894289+00
588,ir,51,es,2026-01-09 17:57:04.225181+00
589,ver,54,es,2026-01-09 17:57:05.999184+00
590,ser,45,es,2026-01-09 17:57:07.873353+00
591,ten,50,es,2026-01-09 17:57:09.915397+00
593,ven,54,es,2026-01-09 17:57:14.026776+00
594,haz,63,es,2026-01-09 17:57:15.835232+00
595,lee,32,es,2026-01-09 17:57:17.550192+00
596,pon,53,es,2026-01-09 17:57:19.21827+00
600,hoz,63,es,2026-01-09 17:57:26.819258+00
601,paz,60,es,2026-01-09 17:57:28.589472+00
604,lío,53,es,2026-01-09 17:57:35.003003+00
605,río,50,es,2026-01-09 17:57:36.961186+00
608,pío,56,es,2026-01-09 17:57:43.720719+00
611,bio,56,es,2026-01-09 17:57:50.021532+00
613,pía,55,es,2026-01-09 17:57:54.249799+00
614,guía,60,es,2026-01-09 17:57:56.160231+00
616,ría,49,es,2026-01-09 17:58:00.983191+00
617,lía,52,es,2026-01-09 17:58:03.026991+00
618,fía,57,es,2026-01-09 17:58:05.004693+00
619,gato,56,es,2026-01-09 17:58:06.745762+00
620,perro,46,es,2026-01-09 17:58:08.491726+00
621,casa,39,es,2026-01-09 17:58:10.469621+00
622,mesa,50,es,2026-01-09 17:58:12.416382+00
623,silla,47,es,2026-01-09 17:58:14.331446+00
624,libro,59,es,2026-01-09 17:58:16.525091+00
625,árbol,60,es,2026-01-09 17:58:18.606461+00
626,flor,58,es,2026-01-09 17:58:20.611493+00
627,cielo,55,es,2026-01-09 17:58:22.390647+00
628,nube,57,es,2026-01-09 17:58:24.258195+00
629,luna,54,es,2026-01-09 17:58:26.308631+00
630,agua,46,es,2026-01-09 17:58:28.175652+00
631,fuego,62,es,2026-01-09 17:58:29.998115+00
632,hielo,58,es,2026-01-09 17:58:31.909296+00
633,nieve,47,es,2026-01-09 17:58:33.699143+00
634,viento,59,es,2026-01-09 17:58:35.663486+00
635,tierra,48,es,2026-01-09 17:58:38.128283+00
636,arena,41,es,2026-01-09 17:58:40.123127+00
637,roca,50,es,2026-01-09 17:58:42.099882+00
638,barro,47,es,2026-01-09 17:58:44.185637+00
639,pasto,56,es,2026-01-09 17:58:46.064163+00
640,hoja,60,es,2026-01-09 17:58:48.030641+00
641,raíz,57,es,2026-01-09 17:58:50.057335+00
642,tallo,48,es,2026-01-09 17:58:52.049909+00
643,rama,41,es,2026-01-09 17:58:54.181188+00
644,fruto,61,es,2026-01-09 17:58:56.246766+00
645,baya,48,es,2026-01-09 17:58:58.258808+00
646,nuez,58,es,2026-01-09 17:59:00.221988+00
647,maíz,61,es,2026-01-09 17:59:02.19932+00
648,trigo,59,es,2026-01-09 17:59:03.983962+00
649,arroz,48,es,2026-01-09 17:59:05.966268+00
650,carne,52,es,2026-01-09 17:59:07.904251+00
651,pollo,42,es,2026-01-09 17:59:09.730255+00
652,pato,55,es,2026-01-09 17:59:11.804319+00
653,rana,38,es,2026-01-09 17:59:14.095386+00
654,sapo,52,es,2026-01-09 17:59:16.13738+00
655,lobo,46,es,2026-01-09 17:59:18.396796+00
656,oso,32,es,2026-01-09 17:59:20.718565+00
657,león,53,es,2026-01-09 17:59:22.604948+00
658,cabra,48,es,2026-01-09 17:59:24.869531+00
659,oveja,59,es,2026-01-09 17:59:26.954588+00
660,cerdo,53,es,2026-01-09 17:59:28.694232+00
661,vaca,46,es,2026-01-09 17:59:30.419231+00
662,toro,41,es,2026-01-09 17:59:33.305676+00
663,rata,40,es,2026-01-09 17:59:35.104336+00
664,ratón,56,es,2026-01-09 17:59:37.167628+00
665,mosca,55,es,2026-01-09 17:59:39.227526+00
666,abeja,50,es,2026-01-09 17:59:41.07289+00
667,avispa,53,es,2026-01-09 17:59:43.067378+00
668,grillo,55,es,2026-01-09 17:59:45.195773+00
669,pulga,63,es,2026-01-09 17:59:47.129147+00
670,piojo,52,es,2026-01-09 17:59:49.067174+00
671,araña,38,es,2026-01-09 17:59:50.828076+00
672,foca,56,es,2026-01-09 17:59:52.535643+00
673,búho,63,es,2026-01-09 17:59:54.344239+00
674,cisne,54,es,2026-01-09 17:59:56.228235+00
675,ganso,55,es,2026-01-09 17:59:57.986355+00
676,cuervo,60,es,2026-01-09 18:00:00.010204+00
677,halcón,62,es,2026-01-09 18:00:02.310887+00
678,loro,41,es,2026-01-09 18:00:04.192327+00
679,pavo,58,es,2026-01-09 18:00:06.365693+00
680,gallo,50,es,2026-01-09 18:00:08.266345+00
681,polla,49,es,2026-01-09 18:00:10.128807+00
682,buey,62,es,2026-01-09 18:00:11.886404+00
683,piano,55,es,2026-01-09 18:00:13.948238+00
684,guitarra,53,es,2026-01-09 18:00:15.782202+00
685,violin,54,es,2026-01-09 18:00:17.953682+00
686,bateria,53,es,2026-01-09 18:00:20.288747+00
687,flauta,55,es,2026-01-09 18:00:22.408829+00
688,trompeta,58,es,2026-01-09 18:00:24.57051+00
689,cello,48,es,2026-01-09 18:00:26.58223+00
690,arpa,41,es,2026-01-09 18:00:28.91324+00
691,elefante,50,es,2026-01-09 18:00:30.877376+00
692,jirafa,55,es,2026-01-09 18:00:32.650326+00
693,pinguino,56,es,2026-01-09 18:00:34.626253+00
694,delfin,61,es,2026-01-09 18:00:36.355576+00
695,canguro,62,es,2026-01-09 18:00:38.625208+00
696,guepardo,64,es,2026-01-09 18:00:40.499291+00
697,pulpo,54,es,2026-01-09 18:00:42.602851+00
698,aguila,54,es,2026-01-09 18:00:44.480317+00
699,tigre,59,es,2026-01-09 18:00:46.684738+00
700,cebra,56,es,2026-01-09 18:00:48.709861+00
701,koala,48,es,2026-01-09 18:00:50.870342+00
702,panda,47,es,2026-01-09 18:00:53.021542+00
703,ballena,48,es,2026-01-09 18:00:55.008301+00
704,manzana,43,es,2026-01-09 18:00:57.198878+00
705,platano,54,es,2026-01-09 18:00:59.51017+00
706,naranja,41,es,2026-01-09 18:01:01.355357+00
707,mango,59,es,2026-01-09 18:01:03.374083+00
708,uva,58,es,2026-01-09 18:01:05.502096+00
709,cereza,50,es,2026-01-09 18:01:07.595291+00
710,durazno,62,es,2026-01-09 18:01:09.81035+00
711,zanahoria,56,es,2026-01-09 18:01:12.068645+00
712,brocoli,56,es,2026-01-09 18:01:14.198833+00
713,papa,36,es,2026-01-09 18:01:16.273155+00
714,tomate,51,es,2026-01-09 18:01:18.617378+00
715,lechuga,66,es,2026-01-09 18:01:20.637632+00
716,pepino,53,es,2026-01-09 18:01:22.604899+00
717,pimiento,59,es,2026-01-09 18:01:24.943124+00
718,cebolla,55,es,2026-01-09 18:01:26.816281+00
719,espinaca,55,es,2026-01-09 18:01:28.86826+00
720,doctor,51,es,2026-01-09 18:01:30.900882+00
721,maestro,58,es,2026-01-09 18:01:32.72808+00
722,ingeniero,49,es,2026-01-09 18:01:34.706749+00
723,chef,63,es,2026-01-09 18:01:36.472919+00
724,piloto,53,es,2026-01-09 18:01:38.297747+00
725,artista,47,es,2026-01-09 18:01:40.10633+00
726,enfermera,49,es,2026-01-09 18:01:42.146662+00
727,policia,56,es,2026-01-09 18:01:44.073204+00
728,granjero,58,es,2026-01-09 18:01:45.910412+00
729,abogado,50,es,2026-01-09 18:01:47.721173+00
730,dentista,56,es,2026-01-09 18:01:49.696964+00
731,escritor,55,es,2026-01-09 18:01:51.581983+00
732,cantante,45,es,2026-01-09 18:01:53.62293+00
733,bailarin,52,es,2026-01-09 18:01:55.371531+00
734,musico,61,es,2026-01-09 18:01:57.197551+00
735,panadero,54,es,2026-01-09 18:01:59.073155+00
736,mecanico,57,es,2026-01-09 18:02:00.84159+00
737,plomero,55,es,2026-01-09 18:02:02.913188+00
738,pintor,60,es,2026-01-09 18:02:04.821382+00
739,jardinero,59,es,2026-01-09 18:02:07.107533+00
740,cientifico,57,es,2026-01-09 18:02:08.876125+00
741,carpintero,62,es,2026-01-09 18:02:10.787549+00
742,arquitecto,64,es,2026-01-09 18:02:12.675958+00
743,periodista,61,es,2026-01-09 18:02:14.656981+00
744,contador,56,es,2026-01-09 18:02:16.596902+00
745,secretaria,50,es,2026-01-09 18:02:18.701865+00
746,gerente,47,es,2026-01-09 18:02:20.69585+00
747,vendedor,51,es,2026-01-09 18:02:22.673761+00
748,cajero,57,es,2026-01-09 18:02:24.646396+00
749,mesero,47,es,2026-01-09 18:02:26.559666+00
750,barman,52,es,2026-01-09 18:02:28.672602+00
751,barbero,49,es,2026-01-09 18:02:30.621549+00
752,sastre,47,es,2026-01-09 18:02:32.423346+00
753,soldado,46,es,2026-01-09 18:02:34.224165+00
754,bombero,51,es,2026-01-09 18:02:36.350118+00
755,paramedico,62,es,2026-01-09 18:02:38.205652+00
756,traductor,56,es,2026-01-09 18:02:40.571818+00
757,farmaceutico,66,es,2026-01-09 18:02:42.514333+00
758,atleta,43,es,2026-01-09 18:02:44.314303+00
759,entrenador,50,es,2026-01-09 18:02:46.057499+00
760,arbitro,55,es,2026-01-09 18:02:48.0975+00
761,capitan,55,es,2026-01-09 18:02:50.247027+00
762,detective,52,es,2026-01-09 18:02:52.26829+00
763,guardia,56,es,2026-01-09 18:02:54.131062+00
764,juez,64,es,2026-01-09 18:02:56.072375+00
765,alcalde,47,es,2026-01-09 18:02:57.857976+00
766,ministro,58,es,2026-01-09 18:02:59.777907+00
767,profesor,52,es,2026-01-09 18:03:01.622133+00
768,consejero,53,es,2026-01-09 18:03:04.105639+00
769,director,56,es,2026-01-09 18:03:05.883793+00
770,productor,57,es,2026-01-09 18:03:07.835011+00
771,editor,56,es,2026-01-09 18:03:09.716933+00
772,diseñador,59,es,2026-01-09 18:03:11.699443+00
773,instructor,59,es,2026-01-09 18:03:13.524014+00
774,consultor,60,es,2026-01-09 18:03:15.313086+00
775,investigador,68,es,2026-01-09 18:03:17.440444+00
776,analista,49,es,2026-01-09 18:03:19.629213+00
777,tecnico,55,es,2026-01-09 18:03:21.554468+00
778,inspector,64,es,2026-01-09 18:03:23.654761+00
779,operador,49,es,2026-01-09 18:03:25.5122+00
780,asistente,48,es,2026-01-09 18:03:27.634095+00
781,especialista,56,es,2026-01-09 18:03:29.76087+00
782,supervisor,59,es,2026-01-09 18:03:31.90845+00
783,ejecutivo,64,es,2026-01-09 18:03:33.669479+00
784,montaña,56,es,2026-01-09 18:03:35.622056+00
785,oceano,46,es,2026-01-09 18:03:37.292466+00
786,bosque,62,es,2026-01-09 18:03:39.663247+00
787,desierto,54,es,2026-01-09 18:03:41.465258+00
788,isla,52,es,2026-01-09 18:03:43.32539+00
789,playa,52,es,2026-01-09 18:03:45.291469+00
790,lago,56,es,2026-01-09 18:03:47.259473+00
791,valle,50,es,2026-01-09 18:03:49.414352+00
792,colina,57,es,2026-01-09 18:03:51.228932+00
793,cueva,58,es,2026-01-09 18:03:53.095348+00
794,volcan,60,es,2026-01-09 18:03:54.830399+00
795,glaciar,56,es,2026-01-09 18:03:57.003972+00
796,cañon,58,es,2026-01-09 18:03:58.850291+00
797,llanura,48,es,2026-01-09 18:04:00.861446+00
798,pradera,46,es,2026-01-09 18:04:02.858599+00
799,pantano,47,es,2026-01-09 18:04:04.773812+00
800,jungla,65,es,2026-01-09 18:04:06.630471+00
801,tundra,59,es,2026-01-09 18:04:08.422751+00
802,acantilado,57,es,2026-01-09 18:04:10.417947+00
803,arrecife,51,es,2026-01-09 18:04:12.312859+00
804,manantial,50,es,2026-01-09 18:04:14.1171+00
805,marisma,48,es,2026-01-09 18:04:16.194632+00
806,futbol,67,es,2026-01-09 18:04:18.306593+00
807,baloncesto,62,es,2026-01-09 18:04:20.170534+00
808,beisbol,57,es,2026-01-09 18:04:22.243795+00
809,tenis,54,es,2026-01-09 18:04:23.999771+00
810,voleibol,55,es,2026-01-09 18:04:25.963355+00
811,hockey,67,es,2026-01-09 18:04:28.038123+00
812,golf,63,es,2026-01-09 18:04:30.086141+00
813,natacion,50,es,2026-01-09 18:04:32.007871+00
814,boxeo,51,es,2026-01-09 18:04:34.642207+00
815,lucha,62,es,2026-01-09 18:04:36.755529+00
816,carrera,38,es,2026-01-09 18:04:38.806097+00
817,ciclismo,55,es,2026-01-09 18:04:40.870098+00
818,esqui,58,es,2026-01-09 18:04:42.926446+00
819,patinaje,58,es,2026-01-09 18:04:44.999154+00
820,surfear,54,es,2026-01-09 18:04:46.93267+00
821,escalada,48,es,2026-01-09 18:04:48.954408+00
822,arqueria,51,es,2026-01-09 18:04:50.822973+00
823,bolos,49,es,2026-01-09 18:04:52.818991+00
824,pesca,55,es,2026-01-09 18:04:54.662712+00
825,caza,46,es,2026-01-09 18:04:56.530195+00
826,navegacion,59,es,2026-01-09 18:04:58.494496+00
827,buceo,59,es,2026-01-09 18:05:00.336186+00
828,trotar,43,es,2026-01-09 18:05:02.462901+00
829,senderismo,55,es,2026-01-09 18:05:04.921593+00
830,acampar,49,es,2026-01-09 18:05:07.01622+00
831,kayak,49,es,2026-01-09 18:05:08.864127+00
832,aerobicos,58,es,2026-01-09 18:05:11.611629+00
833,marciales,58,es,2026-01-09 18:05:13.521563+00
834,danza,48,es,2026-01-09 18:05:15.489912+00
835,carreras,42,es,2026-01-09 18:05:18.147766+00
836,salto,54,es,2026-01-09 18:05:20.043766+00
837,lanzamiento,62,es,2026-01-09 18:05:22.071195+00
838,computadora,62,es,2026-01-09 18:05:24.150026+00
839,telefono,51,es,2026-01-09 18:05:26.206198+00
840,television,58,es,2026-01-09 18:05:28.413817+00
841,camara,42,es,2026-01-09 18:05:30.235478+00
842,microondas,61,es,2026-01-09 18:05:32.17045+00
843,aspiradora,51,es,2026-01-09 18:05:34.145539+00
844,tostadora,48,es,2026-01-09 18:05:36.173323+00
845,licuadora,59,es,2026-01-09 18:05:38.101801+00
846,plancha,58,es,2026-01-09 18:05:40.20414+00
847,calentador,60,es,2026-01-09 18:05:42.319023+00
848,altavoz,58,es,2026-01-09 18:05:44.349092+00
849,impresora,58,es,2026-01-09 18:05:46.134795+00
850,escaner,49,es,2026-01-09 18:05:48.19257+00
851,router,50,es,2026-01-09 18:05:50.545526+00
852,tableta,50,es,2026-01-09 18:05:52.516092+00
853,reloj,57,es,2026-01-09 18:05:54.353907+00
854,brujula,61,es,2026-01-09 18:05:56.692446+00
855,microscopio,55,es,2026-01-09 18:05:58.379063+00
856,telescopio,57,es,2026-01-09 18:06:00.198695+00
857,linterna,55,es,2026-01-09 18:06:02.514061+00
859,cargador,52,es,2026-01-09 18:06:07.556544+00
860,control,54,es,2026-01-09 18:06:09.414825+00
861,teclado,59,es,2026-01-09 18:06:11.506321+00
862,raton,53,es,2026-01-09 18:06:13.656115+00
863,monitor,55,es,2026-01-09 18:06:16.561973+00
864,proyector,57,es,2026-01-09 18:06:18.525884+00
865,microfono,57,es,2026-01-09 18:06:20.586892+00
866,saxofon,56,es,2026-01-09 18:06:22.738441+00
867,acordeon,53,es,2026-01-09 18:06:25.070115+00
868,fresa,54,es,2026-01-09 18:06:27.195515+00
869,sandia,48,es,2026-01-09 18:06:29.344336+00
870,piña,61,es,2026-01-09 18:06:33.623778+00
871,palillos,53,es,2026-01-09 18:06:35.688781+00
872,refrigerador,57,es,2026-01-09 18:06:37.605538+00
873,lavadora,51,es,2026-01-09 18:06:39.722827+00
874,secadora,53,es,2026-01-09 18:06:41.864326+00
875,escultura,60,es,2026-01-09 18:06:44.692373+00
876,certificado,63,es,2026-01-09 18:06:46.499063+00
877,binoculares,68,es,2026-01-09 18:06:48.539451+00
878,calculadora,53,es,2026-01-09 18:06:50.605273+00
879,termometro,46,es,2026-01-09 18:06:52.52631+00
880,barometro,55,es,2026-01-09 18:06:54.588794+00
881,transportador,56,es,2026-01-09 18:06:56.373867+00
882,estetoscopio,52,es,2026-01-09 18:06:58.3042+00
883,astronave,57,es,2026-01-09 18:07:00.225023+00
884,astronauta,52,es,2026-01-09 18:07:02.138123+00
885,helicoptero,62,es,2026-01-09 18:07:04.053859+00
886,motocicleta,58,es,2026-01-09 18:07:05.837865+00
887,patineta,52,es,2026-01-09 18:07:07.593924+00
888,ambulancia,60,es,2026-01-09 18:07:09.518501+00
889,camionbomberos,64,es,2026-01-09 18:07:11.421758+00
890,limusina,58,es,2026-01-09 18:07:13.601213+00
891,excavadora,58,es,2026-01-09 18:07:15.33093+00
892,quitanieves,63,es,2026-01-09 18:07:17.151158+00
893,camionbasura,64,es,2026-01-09 18:07:18.928202+00
894,mezcladora,63,es,2026-01-09 18:07:20.690476+00
895,electricista,57,es,2026-01-09 18:07:22.603754+00
896,veterinario,56,es,2026-01-09 18:07:24.710234+00
897,psicologo,58,es,2026-01-09 18:07:26.839586+00
898,fotografo,55,es,2026-01-09 18:07:28.74556+00
899,emprendedor,52,es,2026-01-09 18:07:30.602463+00
900,coordinador,52,es,2026-01-09 18:07:32.362979+00
901,cascada,40,es,2026-01-09 18:07:34.097996+00
902,gimnasia,53,es,2026-01-09 18:07:35.838797+00
903,audifonos,60,es,2026-01-09 18:07:37.794075+00
904,mantel,58,es,2026-01-09 18:07:39.782136+00
905,tazasmedidoras,62,es,2026-01-09 18:07:41.465042+00
906,mariposa,56,es,2026-01-09 18:07:43.248618+00
907,desarrollador,51,es,2026-01-09 18:07:45.141467+00
908,biblioteca,61,es,2026-01-09 18:07:47.382227+00
909,laboratorio,52,es,2026-01-09 18:07:49.172046+00
910,aeropuerto,52,es,2026-01-09 18:07:51.131223+00
911,supermercado,63,es,2026-01-09 18:07:52.903514+00
912,restaurante,51,es,2026-01-09 18:07:54.601094+00
913,universidad,62,es,2026-01-09 18:07:56.329124+00
914,hospital,65,es,2026-01-09 18:07:58.039285+00
915,estacion,60,es,2026-01-09 18:07:59.733171+00
916,parlamento,62,es,2026-01-09 18:08:01.523091+00
917,catedral,56,es,2026-01-09 18:08:03.22818+00
918,museo,55,es,2026-01-09 18:08:05.059691+00
919,estadio,57,es,2026-01-09 18:08:07.026796+00
920,teatro,48,es,2026-01-09 18:08:09.043612+00
921,gimnasio,58,es,2026-01-09 18:08:10.879599+00
922,piscina,55,es,2026-01-09 18:08:12.722371+00
923,parque,61,es,2026-01-09 18:08:14.690306+00
924,zoologico,54,es,2026-01-09 18:08:16.809509+00
925,acuario,52,es,2026-01-09 18:08:18.662232+00
926,jardinbotanico,65,es,2026-01-09 18:08:20.499463+00
927,mercado,59,es,2026-01-09 18:08:22.286987+00
928,cafeteria,54,es,2026-01-09 18:08:24.180762+00
929,panaderia,52,es,2026-01-09 18:08:26.266623+00
930,carniceria,48,es,2026-01-09 18:08:28.034902+00
931,pescaderia,56,es,2026-01-09 18:08:29.817664+00
932,floristeria,61,es,2026-01-09 18:08:31.633457+00
933,joyeria,62,es,2026-01-09 18:08:33.553314+00
934,zapateria,55,es,2026-01-09 18:08:35.303148+00
935,libreria,52,es,2026-01-09 18:08:37.173969+00
936,farmacia,53,es,2026-01-09 18:08:39.160339+00
937,ferreteria,48,es,2026-01-09 18:08:41.1182+00
938,papeleria,49,es,2026-01-09 18:08:42.957994+00
939,jugueteria,61,es,2026-01-09 18:08:45.109398+00
940,muebleria,61,es,2026-01-09 18:08:46.982985+00
941,electronica,59,es,2026-01-09 18:08:48.669286+00
942,boutique,63,es,2026-01-09 18:08:50.41515+00
943,lavanderia,57,es,2026-01-09 18:08:52.230331+00
944,tintoreria,52,es,2026-01-09 18:08:54.106649+00
945,peluqueria,60,es,2026-01-09 18:08:55.958584+00
946,barberia,47,es,2026-01-09 18:08:57.908465+00
947,spa,51,es,2026-01-09 18:08:59.687065+00
948,clinica,50,es,2026-01-09 18:09:01.526674+00
949,consultorio,61,es,2026-01-09 18:09:03.584861+00
950,veterinaria,52,es,2026-01-09 18:09:05.48124+00
951,gasolinera,60,es,2026-01-09 18:09:07.189361+00
952,taller,50,es,2026-01-09 18:09:09.113103+00
953,lavadoautos,57,es,2026-01-09 18:09:10.854064+00
954,estacionamiento,59,es,2026-01-09 18:09:12.770914+00
955,gastronomia,61,es,2026-01-09 18:09:14.629212+00
956,arquitectura,59,es,2026-01-09 18:09:16.421745+00
957,fotografia,58,es,2026-01-09 18:09:18.159311+00
958,literatura,53,es,2026-01-09 18:09:20.489793+00
960,pintura,62,es,2026-01-09 18:09:24.434329+00
961,musica,60,es,2026-01-09 18:09:26.38+00
963,cine,52,es,2026-01-09 18:09:30.361729+00
964,ciencia,48,es,2026-01-09 18:09:32.562256+00
965,matematicas,54,es,2026-01-09 18:09:34.29851+00
966,fisica,54,es,2026-01-09 18:09:36.099365+00
967,quimica,60,es,2026-01-09 18:09:37.870911+00
968,biologia,55,es,2026-01-09 18:09:39.637407+00
969,geografia,58,es,2026-01-09 18:09:41.510573+00
970,historia,58,es,2026-01-09 18:09:43.34874+00
971,filosofia,53,es,2026-01-09 18:09:45.102444+00
972,psicologia,60,es,2026-01-09 18:09:46.935136+00
973,sociologia,54,es,2026-01-09 18:09:48.72462+00
974,economia,55,es,2026-01-09 18:09:50.832112+00
975,politica,59,es,2026-01-09 18:09:52.778678+00
976,derecho,54,es,2026-01-09 18:09:55.034017+00
977,medicina,57,es,2026-01-09 18:09:57.016025+00
978,ingenieria,49,es,2026-01-09 18:09:58.944273+00
979,informatica,63,es,2026-01-09 18:10:00.613636+00
980,comunicacion,55,es,2026-01-09 18:10:02.371313+00
981,educacion,59,es,2026-01-09 18:10:04.232979+00
982,astronomia,56,es,2026-01-09 18:10:06.025433+00
983,meteorologia,59,es,2026-01-09 18:10:07.700121+00
984,oceanografia,59,es,2026-01-09 18:10:09.526255+00
985,paleontologia,60,es,2026-01-09 18:10:11.387371+00
986,arqueologia,62,es,2026-01-09 18:10:13.397814+00
987,antropologia,61,es,2026-01-09 18:10:15.27685+00