word_id,tag_id
1,1
1,2
1,3
1,4
1,5
2,6
2,7
2,8
2,9
2,10
3,6
3,12
3,13
3,14
3,15
4,16
4,17
4,18
4,19
4,20
5,21
5,22
5,23
5,24
5,25
6,26
6,27
6,28
6,29
6,30
7,31
7,32
7,33
7,34
7,35
8,36
8,37
8,38
8,39
8,40
9,41
9,42
9,43
9,44
9,45
10,46
10,47
10,48
10,49
10,50
11,51
11,52
11,53
11,54
11,55
11,275
11,750
11,751
11,752
11,753
12,56
12,57
12,58
12,59
12,60
13,61
13,62
13,63
13,64
13,65
14,27
14,66
14,68
14,69
14,70
15,71
15,72
15,73
15,74
15,75
16,76
16,77
16,78
16,79
16,80
17,81
17,82
17,83
17,84
17,85
18,86
18,87
18,88
18,89
18,90
19,91
19,92
19,93
19,94
19,95
20,96
20,97
20,98
20,99
20,100
21,51
21,102
21,103
21,104
21,105
22,106
22,107
22,108
22,109
22,110
23,111
23,112
23,113
23,114
23,115
24,111
24,117
24,118
24,119
24,120
25,111
25,122
25,123
25,124
25,125
26,126
26,127
26,128
26,129
26,130
27,16
27,132
27,133
27,134
27,135
28,136
28,137
28,138
28,139
28,140
29,136
29,138
29,142
29,143
29,145
30,146
30,147
30,148
30,149
30,150
31,151
31,152
31,153
31,154
31,155
32,156
32,157
32,158
32,159
32,160
33,158
33,161
33,162
33,163
33,165
34,156
34,160
34,167
34,168
34,170
35,159
35,160
35,171
35,172
35,175
36,160
36,176
36,177
36,178
36,179
37,158
37,160
37,181
37,183
37,184
38,181
38,187
38,188
38,189
38,190
39,158
39,189
39,191
39,192
39,194
40,158
40,196
40,197
40,199
40,200
41,160
41,196
41,202
41,203
41,204
41,461
41,462
41,463
41,465
42,206
42,207
42,208
42,209
42,210
43,206
43,209
43,212
43,213
43,214
44,217
44,218
44,219
44,220
45,221
45,222
45,223
45,224
45,225
46,226
46,227
46,228
46,229
46,230
47,231
47,232
47,233
47,234
47,235
48,236
48,237
48,238
48,239
48,240
49,239
49,241
49,242
49,243
49,245
50,239
50,241
50,243
50,249
50,250
51,239
51,251
51,252
51,253
51,254
52,256
52,257
52,258
52,259
52,260
53,209
53,259
53,261
53,262
53,263
54,266
54,267
54,268
54,269
54,270
55,271
55,272
55,273
55,274
55,275
56,276
56,277
56,278
56,279
56,280
57,281
57,282
57,283
57,284
57,285
58,281
58,283
58,287
58,288
58,290
59,291
59,292
59,293
59,294
59,295
60,296
60,297
60,298
60,299
60,300
61,110
61,259
61,301
61,302
61,305
62,290
62,306
62,307
62,308
62,309
63,311
63,312
63,313
63,314
63,315
64,282
64,292
64,316
64,319
64,320
65,110
65,292
65,295
65,321
65,324
66,326
66,327
66,328
66,329
66,330
67,145
67,160
67,331
67,332
67,335
68,280
68,336
68,337
68,338
68,339
69,341
69,342
69,343
69,344
69,345
70,346
70,347
70,348
70,349
70,350
71,351
71,352
71,353
71,354
71,355
72,356
72,357
72,358
72,359
72,360
73,361
73,362
73,363
73,364
73,365
74,366
74,367
74,368
74,369
74,370
75,366
75,372
75,373
75,374
75,375
76,366
76,377
76,378
76,379
76,380
77,191
77,382
77,383
77,384
77,385
78,158
78,192
78,386
78,388
78,390
79,187
79,391
79,393
79,394
79,395
80,391
80,396
80,397
80,398
80,399
81,275
81,401
81,402
81,403
81,404
82,189
82,406
82,408
82,409
82,410
83,411
83,412
83,413
83,414
83,415
84,414
84,416
84,417
84,418
84,420
85,421
85,422
85,423
85,424
85,425
86,426
86,427
86,428
86,429
86,430
87,431
87,432
87,433
87,434
87,435
88,203
88,436
88,437
88,439
88,440
89,160
89,441
89,442
89,443
89,445
90,158
90,184
90,446
90,448
90,449
91,425
91,451
91,452
91,453
91,455
92,145
92,417
92,456
92,459
92,460
94,223
94,225
94,466
94,468
94,469
95,160
95,471
95,472
95,473
95,474
96,469
96,476
96,477
96,478
96,479
97,225
97,481
97,482
97,484
97,485
98,417
98,481
98,487
98,488
98,490
99,491
99,492
99,493
99,494
99,495
100,496
100,497
100,498
100,499
100,500
101,275
101,501
101,502
101,503
101,505
102,506
102,507
102,508
102,509
102,510
103,511
103,512
103,513
103,514
103,515
104,516
104,517
104,518
104,519
104,520
105,275
105,521
105,522
105,523
105,524
106,526
106,527
106,528
106,529
106,530
107,519
107,526
107,532
107,533
107,534
108,526
108,537
108,538
108,539
108,540
109,523
109,529
109,541
109,542
109,544
110,546
110,547
110,548
110,549
110,550
111,519
111,551
111,552
111,553
111,555
112,556
112,557
112,558
112,559
112,560
113,561
113,562
113,563
113,564
113,565
114,566
114,567
114,568
114,569
114,570
115,259
115,571
115,572
115,573
115,574
116,576
116,577
116,578
116,579
116,580
117,581
117,582
117,583
117,584
117,585
118,259
118,586
118,587
118,588
118,589
119,591
119,592
119,593
119,594
119,595
120,596
120,597
120,598
120,599
120,600
121,601
121,602
121,603
121,604
121,605
122,606
122,607
122,608
122,609
122,610
123,611
123,612
123,613
123,614
123,615
124,616
124,617
124,618
124,619
124,620
125,616
125,622
125,623
125,624
125,625
126,614
126,616
126,627
126,628
126,630
127,616
127,632
127,633
127,634
127,635
128,616
128,637
128,638
128,639
128,640
129,641
129,642
129,643
129,644
130,645
130,646
130,647
130,648
130,649
131,650
131,651
131,652
131,653
131,654
132,645
132,656
132,657
132,658
132,659
133,259
133,660
133,661
133,663
133,664
134,665
134,666
134,667
134,668
134,669
135,670
135,671
135,672
135,673
135,674
136,670
136,676
136,677
136,678
136,679
137,680
137,681
137,682
137,683
137,684
138,685
138,686
138,687
138,688
138,689
139,673
139,690
139,691
139,692
139,694
140,682
140,695
140,697
140,698
140,699
141,259
141,700
141,701
141,703
141,704
142,640
142,685
142,706
142,707
142,709
143,519
143,685
143,712
143,713
143,714
144,275
144,661
144,715
144,718
144,719
145,720
145,721
145,722
145,723
145,724
146,661
146,723
146,725
146,726
146,727
147,730
147,731
147,732
147,733
147,734
148,726
148,735
148,737
148,738
148,739
149,740
149,741
149,742
149,743
149,744
150,745
150,746
150,747
150,748
150,749
152,755
152,756
152,757
152,758
152,759
153,760
153,761
153,762
153,763
153,764
154,765
154,766
154,767
154,768
154,769
155,94
155,770
155,772
155,773
155,774
156,750
156,775
156,776
156,777
156,779
157,775
157,781
157,782
157,783
157,784
158,785
158,786
158,787
158,788
158,789
159,790
159,791
159,792
159,793
159,794
160,757
160,795
160,796
160,798
160,799
161,800
161,801
161,802
161,803
161,804
162,804
162,805
162,807
162,808
162,809
163,810
163,811
163,812
163,813
163,814
164,815
164,816
164,817
164,818
164,819
165,818
165,820
165,821
165,822
165,823
166,815
166,826
166,827
166,828
166,829
167,820
167,831
167,832
167,833
167,834
168,835
168,836
168,837
168,838
168,839
169,840
169,841
169,842
169,843
169,844
170,845
170,846
170,847
170,848
170,849
171,834
171,850
171,851
171,852
171,853
172,329
172,851
172,855
172,859
173,860
173,861
173,862
173,863
173,864
174,853
174,865
174,866
174,868
174,869
175,870
175,871
175,872
175,873
175,874
176,853
176,870
176,877
176,878
176,879
177,870
177,881
177,882
177,883
177,884
178,85
178,885
178,886
178,887
178,888
179,843
179,884
179,890
179,891
179,892
180,895
180,896
180,897
180,898
180,899
180,1881
180,1884
180,1888
180,1890
180,1892
181,851
181,900
181,902
181,903
181,904
182,905
182,906
182,907
182,908
182,909
183,848
183,910
183,912
183,913
183,914
184,564
184,915
184,916
184,917
184,919
185,683
185,848
185,920
185,921
186,925
186,926
186,927
186,928
186,929
187,275
187,930
187,931
187,933
187,934
188,935
188,936
188,937
188,938
188,939
189,919
189,940
189,941
189,942
189,943
190,609
190,886
190,945
190,946
190,949
191,924
191,950
191,952
191,953
191,954
192,955
192,956
192,957
192,958
192,959
193,955
193,961
193,962
193,963
193,964
194,955
194,961
194,967
194,968
194,969
195,955
195,971
195,972
195,973
195,974
196,955
196,976
196,977
196,978
196,979
197,955
197,981
197,982
197,983
197,984
198,955
198,961
198,987
198,988
198,989
199,955
199,961
199,992
199,993
199,994
200,100
200,845
200,996
200,997
200,999
201,100
201,1000
201,1001
201,1002
201,1004
202,819
202,1005
202,1006
202,1007
202,1009
203,800
203,843
203,1012
203,1013
203,1014
204,1015
204,1016
204,1017
204,1018
204,1019
205,96
205,100
205,1021
205,1023
205,1024
206,1025
206,1026
206,1027
206,1028
206,1029
207,1
207,1031
207,1032
207,1033
207,1034
208,1035
208,1036
208,1037
208,1038
208,1039
209,96
209,1041
209,1042
209,1043
209,1044
210,100
210,818
210,1007
210,1045
210,1048
211,1050
211,1051
211,1052
211,1053
211,1054
212,1015
212,1017
212,1057
212,1058
212,1059
213,1007
213,1060
213,1062
213,1063
213,1064
214,105
214,1012
214,1065
214,1067
214,1069
215,1070
215,1071
215,1072
215,1073
215,1074
216,1075
216,1076
216,1077
216,1078
216,1079
217,570
217,670
217,1081
217,1082
217,1083
218,682
218,1075
218,1086
218,1088
218,1089
219,700
219,1091
219,1092
219,1093
219,1094
220,701
220,1071
220,1095
220,1096
220,1099
221,570
221,1100
221,1101
221,1102
221,1103
222,1081
222,1105
222,1107
222,1108
222,1109
223,1110
223,1111
223,1112
223,1113
223,1114
224,1115
224,1116
224,1117
224,1118
224,1119
225,1094
225,1120
225,1121
225,1122
225,1124
226,1125
226,1126
226,1127
226,1128
226,1129
227,1094
227,1110
227,1131
227,1132
227,1134
228,1135
228,1136
228,1137
228,1138
228,1139
229,613
229,628
229,1140
229,1141
229,1142
230,1125
230,1146
230,1147
230,1148
230,1149
231,1150
231,1151
231,1152
231,1153
231,1154
232,1155
232,1156
232,1157
232,1158
232,1159
233,1160
233,1161
233,1162
233,1163
233,1164
234,1165
234,1166
234,1167
234,1168
234,1169
235,1170
235,1171
235,1172
235,1173
235,1174
236,1175
236,1176
236,1177
236,1178
236,1179
237,1152
237,1180
237,1181
237,1182
237,1184
238,1185
238,1186
238,1187
238,1188
238,1189
239,1190
239,1191
239,1192
239,1193
239,1194
240,1195
240,1196
240,1197
240,1198
240,1199
241,1200
241,1201
241,1202
241,1203
241,1204
242,1177
242,1205
242,1206
242,1207
242,1209
243,1210
243,1211
243,1212
243,1213
243,1214
244,1212
244,1215
244,1217
244,1218
244,1219
245,1220
245,1221
245,1222
245,1223
245,1224
246,1225
246,1226
246,1227
246,1228
246,1229
247,1230
247,1231
247,1232
247,1233
247,1234
248,1235
248,1236
248,1237
248,1238
248,1239
249,1240
249,1241
249,1242
249,1243
249,1244
250,1245
250,1246
250,1247
250,1248
250,1249
251,1250
251,1251
251,1252
251,1253
251,1254
252,1255
252,1256
252,1257
252,1258
252,1259
253,1260
253,1261
253,1262
253,1263
253,1264
254,1177
254,1265
254,1266
254,1268
254,1269
255,1209
255,1270
255,1272
255,1273
255,1274
256,1268
256,1275
256,1276
256,1277
256,1278
257,1280
257,1281
257,1282
257,1283
257,1284
258,1285
258,1286
258,1287
258,1288
258,1289
259,1290
259,1291
259,1292
259,1293
259,1294
260,1295
260,1296
260,1297
260,1298
260,1299
261,1300
261,1301
261,1302
261,1303
261,1304
262,1291
262,1305
262,1306
262,1307
262,1308
263,1310
263,1311
263,1312
263,1313
263,1314
264,1315
264,1316
264,1317
264,1318
264,1319
265,1188
265,1320
265,1321
265,1323
265,1324
266,1325
266,1326
266,1327
266,1328
266,1329
267,1326
267,1330
267,1332
267,1333
267,1334
268,1268
268,1335
268,1336
268,1338
268,1339
269,1340
269,1341
269,1342
269,1343
269,1344
270,1345
270,1346
270,1347
270,1348
270,1349
271,1350
271,1351
271,1352
271,1353
271,1354
272,1355
272,1356
272,1357
272,1358
272,1359
273,1360
273,1361
273,1362
273,1363
273,1364
274,1365
274,1366
274,1367
274,1368
274,1369
275,1370
275,1371
275,1372
275,1373
275,1374
276,1375
276,1376
276,1377
276,1378
276,1379
277,1380
277,1381
277,1382
277,1383
277,1384
278,1286
278,1385
278,1386
278,1388
278,1389
279,1390
279,1391
279,1392
279,1393
279,1394
280,1250
280,1395
280,1396
280,1398
280,1399
281,1338
281,1400
281,1401
281,1402
281,1404
282,1405
282,1406
282,1407
282,1408
282,1409
283,1286
283,1410
283,1411
283,1412
283,1413
284,1415
284,1416
284,1417
284,1418
284,1419
285,1420
285,1421
285,1422
285,1423
285,1424
286,1425
286,1426
286,1427
286,1428
286,1429
287,1338
287,1430
287,1432
287,1433
287,1434
288,1435
288,1436
288,1437
288,1438
288,1439
289,1338
289,1440
289,1441
289,1442
289,1443
290,1249
290,1445
290,1446
290,1448
290,1449
291,1450
291,1451
291,1452
291,1453
291,1454
292,1455
292,1456
292,1457
292,1458
292,1459
293,1460
293,1461
293,1462
293,1463
293,1464
294,1396
294,1466
294,1467
294,1468
294,1469
295,1470
295,1471
295,1472
295,1473
295,1474
296,1366
296,1475
296,1476
296,1477
296,1478
297,1480
297,1481
297,1482
297,1483
297,1484
298,1485
298,1486
298,1487
298,1488
298,1489
299,1489
299,1490
299,1491
299,1493
299,1494
300,1495
300,1496
300,1497
300,1498
300,1499
301,1500
301,1501
301,1502
301,1503
301,1504
302,1505
302,1506
302,1507
302,1508
302,1509
303,1509
303,1510
303,1511
303,1512
303,1514
304,1489
304,1515
304,1516
304,1517
304,1519
305,1520
305,1521
305,1522
305,1523
305,1524
306,1525
306,1526
306,1527
306,1528
306,1529
307,1530
307,1531
307,1532
307,1533
307,1534
308,23
308,1535
308,1536
308,1538
308,1539
309,1540
309,1541
309,1542
309,1543
309,1544
310,1545
310,1546
310,1547
310,1548
310,1549
311,1550
311,1551
311,1552
311,1553
311,1554
312,1555
312,1556
312,1557
312,1558
312,1559
313,1560
313,1561
313,1562
313,1563
313,1564
314,1565
314,1566
314,1567
314,1568
314,1569
315,1553
315,1570
315,1571
315,1573
316,1552
316,1553
316,1574
316,1575
316,1576
317,1579
317,1580
317,1581
317,1582
317,1583
318,1584
318,1585
318,1586
318,1587
318,1588
319,1517
319,1589
319,1590
319,1592
319,1593
320,1588
320,1594
320,1595
320,1596
320,1597
321,1599
321,1600
321,1601
321,1602
321,1603
322,1599
322,1605
322,1606
322,1607
322,1608
323,1609
323,1610
323,1611
323,1612
323,1613
324,1599
324,1615
324,1616
324,1617
324,1618
325,1619
325,1620
325,1621
325,1622
325,1623
326,1599
326,1625
326,1626
326,1627
326,1628
327,1599
327,1630
327,1631
327,1632
327,1633
328,1634
328,1635
328,1636
328,1637
328,1638
329,1639
329,1640
329,1641
329,1642
329,1643
330,1644
330,1645
330,1646
330,1647
330,1648
331,1644
331,1650
331,1651
331,1652
331,1653
332,1654
332,1655
332,1656
332,1657
332,1658
333,1655
333,1659
333,1661
333,1662
333,1663
334,292
334,1664
334,1665
334,1666
334,1667
335,1669
335,1670
335,1671
335,1672
335,1673
336,1639
336,1675
336,1676
336,1677
336,1678
337,1679
337,1680
337,1681
337,1682
337,1683
338,1684
338,1685
338,1686
338,1687
338,1688
339,1689
339,1690
339,1691
339,1692
339,1693
340,1694
340,1695
340,1696
340,1697
340,1698
341,704
341,1699
341,1700
341,1701
341,1702
342,1704
342,1705
342,1706
342,1707
342,1708
343,1639
343,1710
343,1711
343,1712
343,1713
344,1658
344,1700
344,1714
344,1715
344,1716
345,1529
345,1719
345,1720
345,1721
345,1722
346,1724
346,1725
346,1726
346,1727
346,1728
347,1673
347,1704
347,1730
347,1731
347,1732
348,1734
348,1735
348,1736
348,1737
348,1738
349,1739
349,1740
349,1741
349,1742
349,1743
350,284
350,1744
350,1745
350,1746
350,1747
351,1219
351,1749
351,1750
351,1751
351,1753
352,1754
352,1755
352,1756
352,1757
352,1758
353,1759
353,1760
353,1761
353,1762
353,1763
354,1682
354,1764
354,1765
354,1766
354,1767
355,1769
355,1770
355,1771
355,1772
355,1773
356,1364
356,1774
356,1776
356,1777
356,1778
357,1779
357,1780
357,1781
357,1782
357,1783
358,1784
358,1785
358,1786
358,1787
358,1788
359,1789
359,1791
359,1792
359,1793
360,1794
360,1795
360,1796
360,1797
360,1798
361,1789
361,1799
361,1800
361,1802
361,1803
362,1789
362,1804
362,1806
362,1807
362,1808
363,142
363,1809
363,1810
363,1811
363,1812
364,292
364,1814
364,1816
364,1817
364,1818
365,1819
365,1820
365,1821
365,1822
365,1823
366,1824
366,1825
366,1826
366,1827
366,1828
367,142
367,1827
367,1829
367,1830
367,1832
368,1834
368,1835
368,1836
368,1837
368,1838
369,1839
369,1840
369,1841
369,1842
369,1843
370,282
370,284
370,1844
370,1845
370,1846
371,1849
371,1850
371,1851
371,1852
371,1853
372,290
372,1854
372,1855
372,1856
372,1857
373,1786
373,1859
373,1860
373,1861
373,1863
374,280
374,1864
374,1865
374,1866
374,1867
375,1869
375,1870
375,1871
375,1872
375,1873
376,365
376,1874
376,1875
376,1876
376,1877
377,1865
377,1879
377,1880
377,1881
377,1883
378,1884
378,1885
378,1886
378,1887
378,1888
380,160
380,1894
380,1895
380,1896
380,1898
381,1899
381,1900
381,1901
381,1902
381,1903
382,1877
382,1904
382,1905
382,1906
382,1908
383,103
383,1909
383,1911
383,1912
383,1913
384,1914
384,1915
384,1916
384,1917
384,1918
385,1919
385,1920
385,1921
385,1922
385,1923
386,1924
386,1925
386,1926
386,1927
386,1928
387,1929
387,1930
387,1931
387,1932
387,1933
388,1934
388,1935
388,1936
388,1937
388,1938
389,1939
389,1940
389,1941
389,1942
389,1943
390,1944
390,1945
390,1946
390,1947
390,1948
391,1949
391,1950
391,1951
391,1952
391,1953
392,1954
392,1955
392,1956
392,1957
392,1958
393,1959
393,1960
393,1961
393,1962
393,1963
394,1936
394,1964
394,1966
394,1967
394,1968
395,916
395,1969
395,1970
395,1971
395,1973
396,1974
396,1975
396,1976
396,1977
396,1978
397,1979
397,1980
397,1981
397,1982
397,1983
398,1984
398,1985
398,1986
398,1987
398,1988
399,160
399,1936
399,1989
399,1991
399,1992
400,1989
400,1994
400,1996
400,1997
400,1998
401,1929
401,2000
401,2001
401,2002
401,2003
402,160
402,2004
402,2005
402,2007
403,2009
403,2010
403,2011
403,2012
403,2013
404,2014
404,2015
404,2016
404,2017
404,2018
405,1912
405,2019
405,2021
405,2022
405,2023
406,2024
406,2025
406,2026
406,2027
406,2028
407,2019
407,2030
407,2031
407,2032
407,2033
408,2034
408,2035
408,2036
408,2037
408,2038
409,219
409,336
409,2040
409,2041
409,2042
410,579
410,2044
410,2045
410,2047
410,2048
411,2044
411,2048
411,2050
411,2051
411,2052
412,2054
412,2055
412,2056
412,2057
412,2058
413,160
413,2059
413,2060
413,2061
413,2063
414,2064
414,2065
414,2066
414,2067
414,2068
415,2069
415,2070
415,2071
415,2072
415,2073
416,282
416,2074
416,2075
416,2076
416,2077
417,225
417,282
417,319
417,2079
417,2080
418,225
418,282
418,319
418,1845
418,2085
419,225
419,282
419,284
419,2089
419,2091
420,225
420,319
420,2085
420,2094
420,2096
421,282
421,430
421,2099
421,2100
421,2103
422,469
422,2104
422,2105
422,2106
422,2108
423,2109
423,2110
423,2111
423,2112
423,2113
424,2109
424,2115
424,2116
424,2117
424,2118
425,2106
425,2119
425,2121
425,2122
425,2123
426,160
426,184
426,2124
426,2125
426,2126
427,2129
427,2130
427,2131
427,2132
427,2133
428,2134
428,2135
428,2136
428,2137
428,2138
429,2135
429,2139
429,2140
429,2141
429,2142
430,2144
430,2145
430,2146
430,2147
430,2148
431,2149
431,2150
431,2151
431,2152
431,2153
432,2154
432,2155
432,2156
432,2157
432,2158
433,2159
433,2160
433,2161
433,2162
433,2163
434,2027
434,2164
434,2165
434,2166
434,2167
435,2169
435,2170
435,2171
435,2172
435,2173
436,2174
436,2175
436,2176
436,2177
436,2178
437,2179
437,2180
437,2181
437,2182
437,2183
438,158
438,2184
438,2185
438,2187
438,2188
439,2189
439,2190
439,2191
439,2192
439,2193
440,282
440,2194
440,2195
440,2196
440,2197
441,2199
441,2200
441,2201
441,2202
441,2203
442,453
442,2204
442,2205
442,2206
442,2207
443,160
443,2188
443,2209
443,2212
443,2213
444,2214
444,2215
444,2216
444,2218
445,199
445,204
445,2220
445,2221
445,2223
446,158
446,2224
446,2225
446,2226
446,2228
447,394
447,2229
447,2231
447,2232
447,2233
448,2234
448,2235
448,2236
448,2237
448,2238
449,158
449,2233
449,2239
449,2240
449,2241
450,192
450,280
450,2233
450,2244
450,2246
451,2233
451,2249
451,2250
451,2251
451,2252
452,2233
452,2250
452,2254
452,2256
452,2258
453,142
453,160
453,2259
453,2261
453,2262
454,209
454,2264
454,2265
454,2266
454,2267
455,2269
455,2270
455,2271
455,2272
455,2273
456,259
456,2274
456,2275
456,2276
456,2277
457,190
457,2279
457,2281
457,2282
457,2283
458,225
458,2284
458,2285
458,2286
458,2288
459,955
459,976
459,2291
459,2292
459,2293
460,955
460,2295
460,2296
460,2297
460,2298
461,685
461,2299
461,2300
461,2302
461,2303
462,684
462,695
462,1131
462,2305
462,2306
463,1075
463,2310
463,2311
463,2312
463,2313
464,1701
464,2314
464,2315
464,2316
464,2317
465,1789
465,2319
465,2321
465,2322
465,2323
466,1818
466,2324
466,2325
466,2326
466,2327
467,1818
467,2329
467,2330
467,2331
467,2332
468,160
468,272
468,1240
468,2336
468,2338
469,319
469,2339
469,2340
469,2342
469,2343
470,2132
470,2345
470,2346
470,2347
470,2348
471,280
471,2349
471,2350
471,2351
471,2352
472,1881
472,2354
472,2356
472,2357
472,2358
473,1776
473,2359
473,2361
473,2362
473,2363
474,2364
474,2365
474,2366
474,2367
474,2368
475,2369
475,2370
475,2371
475,2372
475,2373
476,2374
476,2375
476,2376
476,2377
476,2378
477,2019
477,2380
477,2381
477,2382
477,2383
478,2384
478,2385
478,2386
478,2387
478,2388
479,1909
479,2390
479,2391
479,2392
479,2393
480,1924
480,2395
480,2396
480,2397
480,2398
481,1673
481,2399
481,2400
481,2402
481,2403
482,1326
482,2404
482,2405
482,2406
482,2407
483,1325
483,2404
483,2411
483,2412
483,2413
484,2414
484,2415
484,2416
484,2417
484,2418
485,2419
485,2420
485,2421
485,2422
485,2423
486,1966
486,1975
486,2425
486,2427
487,2421
487,2429
487,2430
487,2432
487,2433
488,1985
488,2434
488,2436
488,2437
488,2438
489,370
489,1985
489,2439
489,2440
489,2442
490,1249
490,2444
490,2445
490,2446
490,2447
491,1184
491,1203
491,2449
491,2450
491,2452
492,1401
492,2454
492,2456
492,2457
492,2458
493,2459
493,2460
493,2461
493,2462
493,2463
494,2464
494,2465
494,2466
494,2467
494,2468
495,2469
495,2470
495,2471
495,2472
495,2473
496,2474
496,2475
496,2476
496,2477
496,2478
497,1735
497,2479
497,2481
497,2482
497,2483
498,2089
498,2484
498,2486
498,2487
498,2488
499,225
499,484
499,2489
499,2490
499,2493
500,2233
500,2494
500,2495
500,2496
500,2497
501,2499
501,2500
501,2501
501,2502
501,2503
502,2504
502,2505
502,2506
502,2507
502,2508
503,2509
503,2510
503,2511
503,2512
503,2513
504,2514
504,2515
504,2516
504,2517
504,2518
504,2888
504,2890
504,2892
505,2514
505,2520
505,2521
505,2522
505,2523
506,2524
506,2525
506,2526
506,2527
506,2528
507,2529
507,2530
507,2531
507,2532
507,2533
507,2953
507,2954
507,2955
507,2956
507,2957
508,2507
508,2534
508,2535
508,2537
508,2538
509,2539
509,2540
509,2541
509,2542
509,2543
510,2544
510,2545
510,2546
510,2547
510,2548
510,2564
510,2565
510,2567
510,2568
511,2549
511,2550
511,2551
511,2552
511,2553
511,3003
511,3005
511,3006
511,3007
512,2554
512,2555
512,2556
512,2557
512,2558
512,2988
512,2989
512,2990
512,2991
512,2992
513,2559
513,2560
513,2561
513,2562
513,2563
515,2569
515,2570
515,2571
515,2572
515,2573
516,2574
516,2575
516,2576
516,2577
516,2578
516,2983
516,2984
516,2985
516,2986
517,2579
517,2580
517,2581
517,2582
517,2583
518,2584
518,2585
518,2586
518,2587
518,2588
519,2589
519,2590
519,2591
519,2592
519,2593
519,2674
519,2675
519,2676
519,2677
519,2678
519,2918
519,2919
519,2921
519,2922
519,3009
519,3011
520,2533
520,2594
520,2595
520,2596
520,2598
521,2599
521,2600
521,2601
521,2602
521,2603
522,2604
522,2605
522,2606
522,2607
522,2608
522,2819
522,2822
523,2609
523,2610
523,2611
523,2612
523,2613
524,2614
524,2615
524,2616
524,2617
524,2618
525,2619
525,2620
525,2621
525,2622
525,2623
526,2624
526,2625
526,2626
526,2627
526,2628
527,2629
527,2630
527,2631
527,2632
527,2633
528,2634
528,2635
528,2636
528,2637
528,2638
529,2639
529,2640
529,2641
529,2642
530,2644
530,2645
530,2646
530,2647
530,2648
531,2649
531,2650
531,2651
531,2652
531,2653
531,2855
531,2868
531,2869
531,2870
531,2871
532,2654
532,2655
532,2656
532,2657
532,2658
533,2659
533,2660
533,2661
533,2662
533,2663
534,2664
534,2665
534,2666
534,2667
534,2668
534,3029
534,3030
534,3031
534,3032
535,2669
535,2670
535,2671
535,2672
535,2673
535,2690
535,2763
535,2855
535,2856
535,2857
537,2679
537,2680
537,2681
537,2682
537,2683
538,2684
538,2685
538,2686
538,2687
538,2688
539,2689
539,2690
539,2691
539,2692
539,2693
540,2640
540,2694
540,2695
540,2697
540,2698
541,2699
541,2700
541,2701
541,2702
541,2703
541,2755
542,2704
542,2705
542,2706
542,2707
542,2708
543,2709
543,2710
543,2711
543,2712
543,2713
544,2574
544,2715
544,2716
544,2717
544,2718
545,2719
545,2720
545,2721
545,2722
545,2723
545,3067
546,2724
546,2725
546,2726
546,2727
546,2728
547,2729
547,2730
547,2731
547,2732
547,2733
548,2664
548,2734
548,2735
548,2736
548,2738
549,2733
549,2739
549,2740
549,2742
549,2743
550,2734
550,2745
550,2746
550,2747
550,2748
551,2749
551,2750
551,2751
551,2752
551,2753
552,2754
552,2755
552,2756
552,2757
552,2758
553,2749
553,2760
553,2761
553,2762
553,2763
554,2764
554,2765
554,2766
554,2767
554,2768
555,2769
555,2770
555,2771
555,2772
555,2773
556,2740
556,2775
556,2776
556,2777
556,2778
557,2779
557,2780
557,2781
557,2782
557,2783
558,2784
558,2785
558,2786
558,2787
558,2788
559,2789
559,2790
559,2791
559,2792
559,2793
560,2794
560,2795
560,2796
560,2797
560,2798
561,2799
561,2800
561,2801
561,2802
561,2803
562,2804
562,2805
562,2806
562,2807
562,2808
563,2749
563,2809
563,2810
563,2811
563,2812
564,2814
564,2815
564,2816
564,2817
564,2818
566,2824
566,2825
566,2826
566,2827
566,2828
567,2824
567,2830
567,2831
567,2832
567,2833
568,2824
568,2835
568,2836
568,2837
568,2838
569,2760
569,2839
569,2840
569,2841
569,2842
569,3023
569,3025
569,3026
570,2844
570,2845
570,2846
570,2847
570,2848
570,3053
570,3054
570,3057
571,2844
571,2846
571,2847
571,2850
571,2853
571,3039
571,3041
571,3042
573,2859
573,2860
573,2861
573,2862
573,3043
573,3044
573,3045
573,3046
573,3047
574,2855
574,2863
574,2864
574,2865
574,2866
577,2693
577,2704
577,2760
577,2879
577,2880
578,2689
578,2883
578,2884
578,2885
578,2887
580,2893
580,2894
580,2895
580,2896
580,2897
581,2898
581,2899
581,2900
581,2901
581,2902
582,2529
582,2533
582,2903
582,2904
582,2907
583,2827
583,2908
583,2909
583,2911
583,2912
584,2913
584,2914
584,2915
584,2916
584,2917
586,2923
586,2924
586,2925
586,2926
586,2927
587,2685
587,2686
587,2687
587,2929
587,2932
588,2933
588,2934
588,2935
588,2936
588,2937
589,2938
589,2939
589,2940
589,2941
589,2942
590,2763
590,2943
590,2944
590,2946
590,2947
591,2948
591,2949
591,2950
591,2951
591,2952
591,2978
591,2979
591,2980
591,2981
591,2982
593,2958
593,2959
593,2960
593,2961
593,2962
594,2963
594,2964
594,2965
594,2966
594,2967
595,2968
595,2969
595,2970
595,2971
595,2972
596,2973
596,2974
596,2975
596,2976
596,2977
600,2993
600,2994
600,2995
600,2996
600,2997
601,2998
601,2999
601,3000
601,3001
601,3002
604,3013
604,3014
604,3015
604,3016
604,3017
605,2534
605,3018
605,3019
605,3020
605,3022
608,3033
608,3034
608,3035
608,3036
608,3037
611,3048
611,3049
611,3050
611,3051
611,3052
613,3058
613,3059
613,3060
613,3061
613,3062
614,3063
614,3064
614,3065
614,3066
616,2504
616,3072
616,3073
616,3074
616,3075
617,3077
617,3078
617,3079
617,3080
617,3081
618,3082
618,3083
618,3084
618,3085
618,3086
619,3087
619,3088
619,3089
619,3090
619,3091
620,3087
620,3093
620,3094
620,3095
620,3096
621,3097
621,3098
621,3099
621,3100
621,3101
622,3102
622,3103
622,3104
622,3105
622,3106
623,3102
623,3105
623,3108
623,3110
623,3111
624,3112
624,3113
624,3114
624,3115
624,3116
625,3117
625,3118
625,3119
625,3120
625,3121
626,3122
626,3123
626,3124
626,3125
626,3126
627,3127
627,3128
627,3129
627,3130
627,3131
628,2502
628,3133
628,3134
628,3135
628,3136
629,3137
629,3138
629,3139
629,3140
629,3141
630,3142
630,3143
630,3144
630,3145
630,3146
631,3147
631,3148
631,3149
631,3150
631,3151
632,3152
632,3153
632,3154
632,3155
632,3156
633,3152
633,3158
633,3159
633,3160
633,3161
634,2598
634,3162
634,3163
634,3164
634,3166
635,3167
635,3168
635,3169
635,3170
635,3171
636,2600
636,3172
636,3173
636,3174
636,3176
637,3052
637,3177
637,3178
637,3180
637,3181
638,3182
638,3183
638,3184
638,3185
638,3186
639,3187
639,3188
639,3189
639,3190
639,3191
640,3122
640,3193
640,3194
640,3195
640,3196
641,3122
641,3198
641,3199
641,3200
641,3201
642,3122
642,3203
642,3204
642,3205
642,3206
643,3203
643,3207
643,3208
643,3210
643,3211
644,2781
644,3213
644,3214
644,3215
644,3216
645,3217
645,3218
645,3219
645,3220
645,3221
646,3222
646,3223
646,3224
646,3225
646,3226
647,3227
647,3228
647,3229
647,3230
647,3231
648,3227
648,3233
648,3234
648,3235
648,3236
649,3236
649,3238
649,3239
649,3240
649,3241
650,3242
650,3243
650,3244
650,3245
650,3246
651,3230
651,3247
651,3248
651,3250
651,3251
652,2570
652,2992
652,3252
652,3253
652,3254
653,3257
653,3258
653,3259
653,3260
653,3261
654,3261
654,3262
654,3263
654,3264
654,3265
655,3267
655,3268
655,3269
655,3270
655,3271
656,3272
656,3273
656,3274
656,3275
656,3276
657,3277
657,3278
657,3279
657,3280
657,3281
658,3282
658,3283
658,3284
658,3285
658,3286
659,3287
659,3288
659,3289
659,3290
659,3291
660,3292
660,3293
660,3294
660,3295
660,3296
661,3285
661,3292
661,3299
661,3300
661,3301
662,3302
662,3303
662,3304
662,3305
662,3306
663,3295
663,3307
663,3308
663,3309
663,3310
664,3312
664,3313
664,3314
664,3315
664,3316
665,3317
665,3318
665,3319
665,3320
665,3321
666,3322
666,3323
666,3324
666,3325
666,3326
667,3322
667,3328
667,3329
667,3330
667,3331
668,3332
668,3333
668,3334
668,3335
668,3336
669,3258
669,3337
669,3339
669,3340
669,3341
670,3342
670,3343
670,3344
670,3345
670,3346
671,3347
671,3348
671,3349
671,3350
671,3351
672,3352
672,3353
672,3354
672,3355
672,3356
673,3357
673,3358
673,3359
673,3360
673,3361
674,3362
674,3363
674,3364
674,3365
674,3366
675,3305
675,3367
675,3368
675,3369
675,3371
676,3295
676,3310
676,3368
676,3372
676,3376
677,3377
677,3378
677,3379
677,3380
677,3381
678,3295
678,3382
678,3383
678,3384
678,3385
679,3387
679,3388
679,3389
679,3390
679,3391
680,3392
680,3393
680,3394
680,3395
680,3396
681,3397
681,3398
681,3399
681,3400
681,3401
682,3303
682,3402
682,3404
682,3405
682,3406
683,3407
683,3408
683,3409
683,3410
683,3411
684,3407
684,3413
684,3414
684,3415
684,3416
685,3407
685,3413
685,3419
685,3420
685,3421
686,3407
686,3423
686,3424
686,3425
686,3426
686,4279
686,4280
686,4281
686,4282
686,4283
687,3407
687,3421
687,3428
687,3429
687,3430
688,3407
688,3433
688,3434
688,3435
688,3436
689,3407
689,3413
689,3439
689,3440
689,3441
690,3407
690,3413
690,3444
690,3445
690,3446
691,3447
691,3448
691,3449
691,3450
691,3451
692,3363
692,3450
692,3452
692,3454
692,3456
693,3457
693,3458
693,3459
693,3460
693,3461
694,3295
694,3352
694,3464
694,3465
694,3466
695,3467
695,3468
695,3469
695,3470
695,3471
696,3277
696,3450
696,3473
696,3475
696,3476
697,2988
697,3478
697,3479
697,3480
697,3481
698,3377
698,3378
698,3484
698,3485
698,3486
699,3277
699,3488
699,3489
699,3490
699,3491
700,3459
700,3492
700,3494
700,3495
701,3467
701,3469
701,3498
701,3499
701,3500
702,3459
702,3501
702,3503
702,3504
702,3505
703,3464
703,3506
703,3508
703,3509
703,3510
704,3511
704,3512
704,3513
704,3514
704,3515
705,3516
705,3517
705,3518
705,3519
705,3520
706,3521
706,3522
706,3523
706,3524
706,3525
707,3516
707,3527
707,3528
707,3529
707,3530
708,3519
708,3531
708,3533
708,3534
708,3535
709,3218
709,3512
709,3536
709,3537
709,3540
710,3525
710,3541
710,3542
710,3543
710,3544
711,3522
711,3546
711,3548
711,3549
711,3550
712,2584
712,3552
712,3553
712,3554
712,3555
713,3556
713,3557
713,3558
713,3559
713,3560
714,3535
714,3561
714,3562
714,3563
714,3565
715,3549
715,3566
715,3567
715,3569
715,3570
716,2584
716,3535
716,3572
716,3573
716,3575
717,3576
717,3577
717,3578
717,3579
717,3580
718,2904
718,3581
718,3582
718,3583
718,3584
719,3566
719,3587
719,3588
719,3589
719,3590
720,3591
720,3592
720,3593
720,3594
720,3595
721,3596
721,3597
721,3598
721,3599
721,3600
722,3601
722,3602
722,3603
722,3604
722,3605
723,3606
723,3607
723,3608
723,3609
723,3610
724,3611
724,3612
724,3613
724,3614
724,3615
725,3616
725,3617
725,3618
725,3619
725,3620
726,3593
726,3621
726,3622
726,3623
726,3625
727,3626
727,3627
727,3628
727,3629
727,3630
728,3631
728,3632
728,3633
728,3634
728,3635
729,3636
729,3637
729,3638
729,3639
729,3640
730,3641
730,3642
730,3643
730,3644
730,3645
731,3618
731,3646
731,3647
731,3648
731,3650
732,3651
732,3652
732,3653
732,3654
732,3655
733,3653
733,3656
733,3658
733,3659
733,3660
734,3661
734,3662
734,3663
734,3664
734,3665
735,3666
735,3667
735,3668
735,3669
735,3670
736,3671
736,3672
736,3673
736,3674
736,3675
737,3676
737,3677
737,3678
737,3679
737,3680
738,3681
738,3682
738,3683
738,3684
738,3685
739,3686
739,3687
739,3688
739,3689
739,3690
740,3691
740,3692
740,3693
740,3694
740,3695
741,3696
741,3697
741,3698
741,3699
741,3700
742,3618
742,3701
742,3702
742,3704
742,3705
743,3650
743,3706
743,3708
743,3709
743,3710
744,3704
744,3711
744,3712
744,3713
745,3715
745,3716
745,3717
745,3718
745,3719
746,3720
746,3721
746,3722
746,3723
746,3724
747,3725
747,3726
747,3727
747,3728
747,3729
748,3730
748,3731
748,3732
748,3733
748,3734
749,3735
749,3736
749,3737
749,3738
749,3739
750,3726
750,3740
750,3741
750,3742
750,3743
751,3745
751,3746
751,3747
751,3748
751,3749
752,3750
752,3751
752,3752
752,3753
752,3754
753,3629
753,3755
753,3756
753,3758
753,3759
754,3760
754,3761
754,3762
754,3763
754,3764
755,3761
755,3765
755,3767
755,3768
755,3769
756,3770
756,3771
756,3772
756,3773
756,3774
757,3775
757,3776
757,3777
757,3778
757,3779
758,3780
758,3781
758,3782
758,3783
758,3784
759,3785
759,3786
759,3787
759,3788
759,3789
760,3790
760,3791
760,3792
760,3793
760,3794
761,3795
761,3796
761,3797
761,3798
761,3799
762,3800
762,3801
762,3802
762,3803
762,3804
763,3805
763,3806
763,3807
763,3808
763,3809
764,3810
764,3811
764,3812
764,3813
764,3814
765,3721
765,3815
765,3816
765,3818
765,3819
766,3820
766,3821
766,3822
766,3823
766,3824
767,3650
767,3691
767,3825
767,3826
767,3829
768,3830
768,3831
768,3832
768,3833
768,3834
769,3835
769,3836
769,3837
769,3838
769,3839
770,3721
770,3840
770,3841
770,3842
770,3843
771,3845
771,3846
771,3847
771,3848
771,3849
772,3850
772,3851
772,3852
772,3853
772,3854
773,3855
773,3856
773,3857
773,3858
773,3859
774,3833
774,3860
774,3862
774,3863
774,3864
775,3865
775,3866
775,3867
775,3868
775,3869
776,3833
776,3870
776,3871
776,3872
776,3873
777,3690
777,3875
777,3876
777,3878
777,3879
778,3880
778,3881
778,3882
778,3883
778,3884
779,3885
779,3886
779,3887
779,3888
779,3889
780,3890
780,3891
780,3892
780,3893
780,3894
781,3826
781,3896
781,3897
781,3898
781,3899
782,3900
782,3901
782,3902
782,3903
782,3904
783,3796
783,3905
783,3906
783,3907
783,3908
784,3910
784,3911
784,3912
784,3913
784,3914
785,2504
785,2506
785,2507
785,3915
785,3917
786,3920
786,3921
786,3922
786,3923
786,3924
787,3925
787,3926
787,3927
787,3928
787,3929
788,3930
788,3931
788,3932
788,3933
789,3933
789,3934
789,3935
789,3936
789,3938
790,2507
790,2534
790,3939
790,3940
790,3943
791,3944
791,3945
791,3946
791,3947
791,3948
792,3949
792,3950
792,3951
792,3952
792,3953
793,3954
793,3955
793,3956
793,3957
793,3958
794,2501
794,3150
794,3959
794,3960
794,3963
795,3964
795,3965
795,3966
795,3967
795,3968
796,3969
796,3970
796,3971
796,3972
796,3973
797,3974
797,3975
797,3976
797,3977
797,3978
798,3979
798,3980
798,3981
798,3982
798,3983
799,3984
799,3985
799,3986
799,3987
799,3988
800,3989
800,3990
800,3991
800,3992
800,3993
801,3977
801,3994
801,3995
801,3997
801,3998
802,3999
802,4000
802,4001
802,4002
802,4003
803,4004
803,4005
803,4006
803,4007
803,4008
804,2534
804,4009
804,4010
804,4012
804,4013
805,4008
805,4014
805,4015
805,4016
805,4017
806,4019
806,4020
806,4021
806,4022
806,4023
807,4019
807,4025
807,4026
807,4027
807,4028
808,4029
808,4030
808,4031
808,4032
808,4033
809,4034
809,4035
809,4036
809,4037
809,4038
810,4019
810,4040
810,4041
810,4042
810,4043
811,4019
811,4045
811,4046
811,4047
811,4048
812,4049
812,4050
812,4051
812,4052
812,4053
813,4054
813,4055
813,4056
813,4057
813,4058
814,4059
814,4060
814,4061
814,4062
814,4063
815,4059
815,4065
815,4066
815,4067
815,4068
816,4069
816,4070
816,4071
816,4072
816,4073
817,4070
817,4074
817,4076
817,4077
817,4078
818,4048
818,4079
818,4080
818,4081
818,4083
819,4084
819,4085
819,4086
819,4087
819,4088
820,4054
820,4090
820,4091
820,4092
820,4093
821,4094
821,4095
821,4096
821,4097
821,4098
822,4099
822,4100
822,4101
822,4102
822,4103
823,4104
823,4105
823,4106
823,4107
823,4108
824,4109
824,4110
824,4111
824,4112
824,4113
825,4114
825,4115
825,4116
825,4117
825,4118
826,4119
826,4120
826,4121
826,4122
826,4123
827,4054
827,4125
827,4126
827,4127
827,4128
828,4073
828,4115
828,4129
828,4130
828,4131
829,3953
829,4134
829,4135
829,4136
829,4137
830,4139
830,4140
830,4141
830,4142
830,4143
831,4088
831,4119
831,4145
831,4146
831,4147
832,4149
832,4150
832,4151
832,4152
832,4153
833,4154
833,4155
833,4156
833,4157
833,4158
834,3660
834,4159
834,4160
834,4161
834,4163
834,4799
834,4800
834,4801
834,4802
834,4803
835,4164
835,4165
835,4166
835,4167
835,4168
836,4169
836,4170
836,4171
836,4172
836,4173
837,4097
837,4174
837,4175
837,4176
837,4177
838,4179
838,4180
838,4181
838,4182
838,4183
839,3794
839,4184
839,4186
839,4187
839,4188
840,4189
840,4190
840,4191
840,4192
840,4193
841,4194
841,4195
841,4196
841,4197
841,4198
842,4199
842,4200
842,4201
842,4202
842,4203
843,4204
843,4205
843,4206
843,4207
843,4208
844,4199
844,4209
844,4210
844,4212
844,4213
845,4199
845,4214
845,4216
845,4217
845,4218
846,3103
846,4219
846,4220
846,4221
846,4222
847,4083
847,4224
847,4226
847,4227
847,4228
848,4229
848,4230
848,4231
848,4232
848,4233
849,4234
849,4235
849,4236
849,4237
849,4238
850,3103
850,4237
850,4239
850,4240
850,4242
851,4244
851,4245
851,4246
851,4247
851,4248
852,4249
852,4250
852,4251
852,4252
852,4253
853,4158
853,4254
853,4255
853,4256
853,4257
854,4259
854,4260
854,4261
854,4262
854,4263
855,4264
855,4265
855,4266
855,4267
855,4268
856,4196
856,4269
856,4270
856,4271
856,4273
857,3065
857,4274
857,4275
857,4276
857,4277
859,4284
859,4285
859,4286
859,4287
859,4288
860,4275
860,4289
860,4290
860,4291
860,4293
861,4294
861,4295
861,4296
861,4297
861,4298
862,4291
862,4294
862,4298
862,4300
862,4302
863,4304
863,4305
863,4306
863,4307
863,4308
864,4305
864,4310
864,4311
864,4312
864,4313
865,4287
865,4314
865,4315
865,4316
865,4318
866,3407
866,4320
866,4321
866,4322
866,4323
867,3407
867,4325
867,4326
867,4327
867,4328
868,4329
868,4330
868,4331
868,4332
868,4333
869,3572
869,4334
869,4335
869,4336
869,4338
870,3516
870,4340
870,4341
870,4342
870,4343
871,4116
871,4344
871,4345
871,4346
871,4347
872,4199
872,4349
872,4351
872,4352
872,4353
873,4228
873,4354
873,4355
873,4356
873,4357
874,4228
874,4359
874,4360
874,4361
874,4362
875,4364
875,4365
875,4366
875,4367
875,4368
875,4785
875,4786
875,4787
875,4788
876,4369
876,4370
876,4371
876,4372
876,4373
877,3065
877,4374
877,4375
877,4376
877,4377
878,4291
878,4379
878,4381
878,4382
878,4383
879,4186
879,4384
879,4386
879,4387
879,4388
880,4389
880,4390
880,4391
880,4392
880,4393
881,4394
881,4395
881,4396
881,4397
881,4398
882,4399
882,4400
882,4401
882,4402
882,4403
883,4404
883,4405
883,4406
883,4407
883,4408
884,4409
884,4410
884,4411
884,4412
884,4413
885,4414
885,4415
885,4416
885,4417
885,4418
886,4419
886,4420
886,4421
886,4422
886,4423
887,4088
887,4424
887,4425
887,4427
887,4428
888,3761
888,4429
888,4430
888,4431
888,4432
889,3149
889,3760
889,4429
889,4436
889,4437
890,4439
890,4440
890,4441
890,4442
890,4443
891,4444
891,4445
891,4446
891,4447
891,4448
892,4449
892,4450
892,4451
892,4452
892,4453
893,4454
893,4455
893,4456
893,4457
893,4458
894,4455
894,4459
894,4460
894,4461
894,4462
895,3690
895,4464
895,4465
895,4466
895,4467
896,3625
896,3644
896,4469
896,4470
896,4472
897,3831
897,4474
897,4476
897,4477
897,4478
898,4194
898,4480
898,4481
898,4482
898,4483
899,4484
899,4485
899,4486
899,4487
899,4488
900,4489
900,4490
900,4491
900,4492
900,4493
901,4494
901,4495
901,4496
901,4497
901,4498
902,4499
902,4500
902,4501
902,4502
902,4503
903,4504
903,4505
903,4506
903,4507
903,4508
904,4509
904,4510
904,4511
904,4512
904,4513
905,4514
905,4515
905,4516
905,4517
905,4518
906,4519
906,4520
906,4521
906,4522
906,4523
907,3704
907,3833
907,4524
907,4525
907,4528
908,4529
908,4530
908,4531
908,4532
908,4533
909,4267
909,4534
909,4536
909,4537
909,4538
910,4539
910,4540
910,4541
910,4542
910,4543
911,4544
911,4545
911,4546
911,4547
911,4548
912,4549
912,4550
912,4551
912,4552
912,4553
913,4554
913,4555
913,4556
913,4557
913,4558
914,4559
914,4560
914,4561
914,4562
914,4563
915,4564
915,4565
915,4566
915,4567
915,4568
916,4569
916,4570
916,4571
916,4572
916,4573
917,4574
917,4575
917,4576
917,4577
917,4578
918,4579
918,4580
918,4581
918,4582
919,2630
919,4584
919,4586
919,4587
919,4588
920,4589
920,4590
920,4591
920,4592
920,4593
921,4594
921,4595
921,4596
921,4597
921,4598
922,4599
922,4600
922,4601
922,4602
922,4603
923,4604
923,4605
923,4606
923,4607
923,4608
924,4609
924,4610
924,4611
924,4612
924,4613
925,4614
925,4615
925,4616
925,4617
925,4618
926,4619
926,4620
926,4621
926,4622
926,4623
927,4624
927,4625
927,4626
927,4627
927,4628
928,4552
928,4629
928,4630
928,4631
928,4633
929,4634
929,4635
929,4636
929,4637
929,4638
930,4639
930,4640
930,4641
930,4642
930,4643
931,4644
931,4645
931,4646
931,4647
931,4648
932,4441
932,4649
932,4650
932,4651
932,4653
933,4654
933,4655
933,4656
933,4657
933,4658
934,4158
934,4659
934,4661
934,4662
934,4663
935,4664
935,4665
935,4666
935,4667
935,4668
936,4669
936,4670
936,4671
936,4672
936,4673
937,4674
937,4675
937,4676
937,4677
937,4678
938,4679
938,4680
938,4681
938,4682
938,4683
939,4684
939,4685
939,4686
939,4687
939,4688
940,4689
940,4690
940,4691
940,4692
940,4693
941,4694
941,4695
941,4696
941,4697
941,4698
942,4699
942,4700
942,4701
942,4702
942,4703
943,4704
943,4705
943,4706
943,4707
943,4708
944,4709
944,4710
944,4711
944,4712
944,4713
945,3745
945,4715
945,4716
945,4717
945,4718
946,4719
946,4720
946,4721
946,4722
946,4723
947,4724
947,4725
947,4726
947,4727
947,4728
948,4718
948,4729
948,4730
948,4731
948,4733
949,4734
949,4735
949,4736
949,4737
949,4738
950,4739
950,4740
950,4741
950,4742
950,4743
951,4706
951,4744
951,4745
951,4746
951,4747
952,4749
952,4750
952,4751
952,4752
952,4753
953,4708
953,4754
953,4755
953,4756
953,4757
954,4759
954,4760
954,4761
954,4762
954,4763
955,4764
955,4765
955,4766
955,4767
955,4768
956,4769
956,4770
956,4771
956,4772
956,4773
957,4774
957,4775
957,4776
957,4777
957,4778
958,4779
958,4780
958,4781
958,4782
958,4783
960,4087
960,4789
960,4790
960,4791
960,4792
961,4665
961,4792
961,4794
961,4795
961,4796
963,4805
963,4806
963,4807
963,4808
964,4809
964,4810
964,4811
964,4812
964,4813
965,4814
965,4815
965,4816
965,4817
965,4818
966,4819
966,4820
966,4821
966,4822
966,4823
967,4824
967,4825
967,4826
967,4827
967,4828
968,4829
968,4830
968,4831
968,4832
968,4833
969,4834
969,4835
969,4836
969,4837
969,4838
970,4839
970,4840
970,4841
970,4842
970,4843
971,4844
971,4845
971,4846
971,4847
971,4848
972,4849
972,4850
972,4851
972,4852
972,4853
973,4854
973,4855
973,4856
973,4857
973,4858
974,4859
974,4860
974,4861
974,4862
974,4863
975,4864
975,4865
975,4866
975,4867
975,4868
976,4869
976,4870
976,4871
976,4872
976,4873
977,4562
977,4874
977,4875
977,4876
977,4877
978,4879
978,4880
978,4881
978,4882
978,4883
979,4884
979,4885
979,4886
979,4887
979,4888
980,4889
980,4890
980,4891
980,4892
980,4893
981,4894
981,4895
981,4896
981,4897
981,4898
982,4899
982,4900
982,4901
982,4902
982,4903
983,4904
983,4905
983,4906
983,4907
983,4908
984,4909
984,4910
984,4911
984,4912
984,4913
985,4914
985,4915
985,4916
985,4917
985,4918
986,4919
986,4920
986,4921
986,4922
986,4923
987,4924
987,4925
987,4926
987,4927
987,4928